Workbook
Name a: #REF!

Sheet 1. Raw Data
A1: CustomerID | B1: Age | C1: Gender | D1: Tenure | E1: MonthlyCharges | F1: ContractType | G1: PaymentMethod | H1: SupportTickets | I1: ServiceUsage | J1: SatisfactionScore | K1: TotalSpend | L1: Churn | M1: No Churn | N1: Churn | Q1: ContractType | R1: Churn
A2: 1 | B2: 56 | C2: Female | D2: 58 | E2: 28.27 | F2: 1-Year | G2: Credit Card | H2: 2 | I2: 52.7 | J2: 6 | K2: 1614.09 | L2: 1 | M2: =COUNTIF(L2:L251, 0) -> 132 | N2: =COUNTIF(L2:L251, 1) -> 118 | O2: =N2/250 -> 0.472 | Q2: 1-Year | R2: 1
A3: 2 | B3: 69 | C3: Female | D3: 63 | E3: 107.67 | F3: 1-Year | G3: Credit Card | H3: 1 | I3: 16.8 | J3: 1 | K3: 6505.15 | L3: 1 | Q3: 1-Year | R3: 1
A4: 3 | B4: 46 | C4: Female | D4: 62 | E4: 75.16 | F4: Month-to-Month | G4: Bank Transfer | H4: 1 | I4: 41.6 | J4: 5 | K4: 4646.87 | L4: 0 | Q4: Month-to-Month | R4: 0
A5: 4 | B5: 32 | C5: Male | D5: 22 | E5: 36.48 | F5: Month-to-Month | G5: PayPal | H5: 1 | I5: 66.1 | J5: 3 | K5: 814.95 | L5: 1 | Q5: Month-to-Month | R5: 1
A6: 5 | B6: 60 | C6: Male | D6: 58 | E6: 61.13 | F6: 1-Year | G6: Bank Transfer | H6: 3 | I6: 79.1 | J6: 1 | K6: 3222 | L6: 1 | Q6: 1-Year | R6: 1
A7: 6 | B7: 25 | C7: Female | D7: 58 | E7: 97.76 | F7: Month-to-Month | G7: PayPal | H7: 2 | I7: 25.6 | J7: 4 | K7: 5242.56 | L7: 1 | Q7: Month-to-Month | R7: 1
A8: 7 | B8: 38 | C8: Female | D8: 49 | E8: 68.04 | F8: 1-Year | G8: Credit Card | H8: 2 | I8: 18.1 | J8: 2 | K8: 3373.06 | L8: 1 | Q8: 1-Year | R8: 1
A9: 8 | B9: 56 | C9: Male | D9: 52 | E9: 118.53 | F9: Month-to-Month | G9: PayPal | H9: 3 | I9: 68 | J9: 2 | K9: 5970.23 | L9: 0 | Q9: Month-to-Month | R9: 0
A10: 9 | B10: 36 | C10: Male | D10: 42 | E10: 57.67 | F10: Month-to-Month | G10: Bank Transfer | H10: 0 | I10: 5.2 | J10: 3 | K10: 2533.16 | L10: 1 | Q10: Month-to-Month | R10: 1
A11: 10 | B11: 40 | C11: Female | D11: 70 | E11: 94.96 | F11: Month-to-Month | G11: Credit Card | H11: 5 | I11: 21.9 | J11: 8 | K11: 6849.66 | L11: 0 | Q11: Month-to-Month | R11: 0
A12: 11 | B12: 28 | C12: Male | D12: 15 | E12: 59.3 | F12: Month-to-Month | G12: Bank Transfer | H12: 1 | I12: 7.8 | J12: 8 | K12: 950.98 | L12: 0 | Q12: Month-to-Month | R12: 0
A13: 12 | B13: 28 | C13: Female | D13: 54 | E13: 102.92 | F13: 1-Year | G13: Bank Transfer | H13: 3 | I13: 20.9 | J13: 7 | K13: 5771.64 | L13: 0 | Q13: 1-Year | R13: 0
A14: 13 | B14: 41 | C14: Female | D14: 60 | E14: 76.91 | F14: Month-to-Month | G14: PayPal | H14: 0 | I14: 22.2 | J14: 6 | K14: 4549.93 | L14: 0 | Q14: Month-to-Month | R14: 0
... A251: 250 | B251: 69 | C251: Male | D251: 66 | E251: 95.24 | F251: 1-Year | G251: Bank Transfer | H251: 5 | I251: 46.4 | J251: 9 | K251: 6712.45 | L251: 0 | Q251: 1-Year | R251: 0

Sheet 2. Descriptive
B1: min | C1: Q1 (lower hinge) | D1: Median (mid-hinge) | E1: Q3 (upper hinge) | F1: max | G1: SIQR
A2: Age | B2: =MIN('1. Raw Data'!B2:B251) -> 18 | C2: =_xlfn.QUARTILE.INC('1. Raw Data'!B2:B251, 1) -> 31 | D2: =MEDIAN('1. Raw Data'!B2:B251) -> 44 | E2: =_xlfn.QUARTILE.INC('1. Raw Data'!B2:B251, 3) -> 56 | F2: =MAX('1. Raw Data'!B2:B251) -> 69 | G2: =(E2-C2)/2 -> 12.5
A3: Tenure | B3: =MIN('1. Raw Data'!D2:D251) -> 1 | C3: =_xlfn.QUARTILE.INC('1. Raw Data'!D2:D251, 1) -> 17 | D3: =MEDIAN('1. Raw Data'!D2:D251) -> 35.5 | E3: =_xlfn.QUARTILE.INC('1. Raw Data'!D2:D251, 3) -> 55 | F3: =MAX('1. Raw Data'!D2:D251) -> 71 | G3: =(E3-C3)/2 -> 19
A4: MonthlyCharges | B4: =MIN('1. Raw Data'!E2:E251) -> 20.26 | C4: =_xlfn.QUARTILE.INC('1. Raw Data'!E2:E251, 1) -> 50.99 | D4: =MEDIAN('1. Raw Data'!E2:E251) -> 73.595 | E4: =_xlfn.QUARTILE.INC('1. Raw Data'!E2:E251, 3) -> 94.87 | F4: =MAX('1. Raw Data'!E2:E251) -> 119.77 | G4: =(E4-C4)/2 -> 21.94
A5: SupportTickets | B5: =MIN('1. Raw Data'!H2:H251) -> 0 | C5: =_xlfn.QUARTILE.INC('1. Raw Data'!H2:H251, 1) -> 1 | D5: =MEDIAN('1. Raw Data'!H2:H251) -> 2 | E5: =_xlfn.QUARTILE.INC('1. Raw Data'!H2:H251, 3) -> 3 | F5: =MAX('1. Raw Data'!H2:H251) -> 6 | G5: =(E5-C5)/2 -> 1
A6: ServiceUsage | B6: =MIN('1. Raw Data'!I2:I251) -> 5.2 | C6: =_xlfn.QUARTILE.INC('1. Raw Data'!I2:I251, 1) -> 26.4 | D6: =MEDIAN('1. Raw Data'!I2:I251) -> 50.9 | E6: =_xlfn.QUARTILE.INC('1. Raw Data'!I2:I251, 3) -> 75.75 | F6: =MAX('1. Raw Data'!I2:I251) -> 99.7 | G6: =(E6-C6)/2 -> 24.675
A7: SatisfactionScore | B7: =MIN('1. Raw Data'!J2:J251) -> 1 | C7: =_xlfn.QUARTILE.INC('1. Raw Data'!J2:J251, 1) -> 3 | D7: =MEDIAN('1. Raw Data'!J2:J251) -> 5 | E7: =_xlfn.QUARTILE.INC('1. Raw Data'!J2:J251, 3) -> 8 | F7: =MAX('1. Raw Data'!J2:J251) -> 10 | G7: =(E7-C7)/2 -> 2.5
A8: TotalSpend | B8: =MIN('1. Raw Data'!K2:K251) -> 35.73 | C8: =_xlfn.QUARTILE.INC('1. Raw Data'!K2:K251, 1) -> 1036.0825 | D8: =MEDIAN('1. Raw Data'!K2:K251) -> 2057.21 | E8: =_xlfn.QUARTILE.INC('1. Raw Data'!K2:K251, 3) -> 3759.65 | F8: =MAX('1. Raw Data'!K2:K251) -> 7782.69 | G8: =(E8-C8)/2 -> 1361.7838
A14: Metric | C14: Age | D14: Tenure | E14: MonthlyCharges | F14: SupportTickets | G14: ServiceUsage | H14: SaticsfactionScore | I14: TotalSpend
A15: Count | B15: NoChurn | C15: 132 | D15: 132 | E15: 132 | F15: 132 | G15: 132 | H15: 132 | I15: 132
B16: Churn | C16: 118 | D16: 118 | E16: 118 | F16: 118 | G16: 118 | H16: 118 | I16: 118
A17: min | B17: NoChurn | C17: ='2.28 FiveNumber_Churn0'!B2 -> 18 | D17: ='2.28 FiveNumber_Churn0'!B3 -> 1 | E17: ='2.28 FiveNumber_Churn0'!B4 -> 20.26 | F17: ='2.28 FiveNumber_Churn0'!B5 -> 0 | G17: ='2.28 FiveNumber_Churn0'!B6 -> 5.2 | H17: ='2.28 FiveNumber_Churn0'!B7 -> 1 | I17: ='2.28 FiveNumber_Churn0'!B8 -> 35.73
B18: Churn | C18: ='2.29 FiveNumber_Churn1'!B2 -> 18 | D18: ='2.29 FiveNumber_Churn1'!B3 -> 1 | E18: ='2.29 FiveNumber_Churn1'!B4 -> 20.53 | F18: ='2.29 FiveNumber_Churn1'!B5 -> 0 | G18: ='2.29 FiveNumber_Churn1'!B6 -> 5.2 | H18: ='2.29 FiveNumber_Churn1'!B7 -> 1 | I18: ='2.29 FiveNumber_Churn1'!B8 -> 105.78
A19: Q1 | B19: NoChurn | C19: ='2.28 FiveNumber_Churn0'!C2 -> 29.75 | D19: ='2.28 FiveNumber_Churn0'!C3 -> 17 | E19: ='2.28 FiveNumber_Churn0'!C4 -> 53 | F19: ='2.28 FiveNumber_Churn0'!C5 -> 1 | G19: ='2.28 FiveNumber_Churn0'!C6 -> 23.5 | H19: ='2.28 FiveNumber_Churn0'!C7 -> 4 | I19: ='2.28 FiveNumber_Churn0'!C8 -> 1121.1375
B20: Churn | C20: ='2.29 FiveNumber_Churn1'!C2 -> 32 | D20: ='2.29 FiveNumber_Churn1'!C3 -> 17.25 | E20: ='2.29 FiveNumber_Churn1'!C4 -> 48.5075 | F20: ='2.29 FiveNumber_Churn1'!C5 -> 1 | G20: ='2.29 FiveNumber_Churn1'!C6 -> 27.6 | H20: ='2.29 FiveNumber_Churn1'!C7 -> 2 | I20: ='2.29 FiveNumber_Churn1'!C8 -> 921.27
A21: Median | B21: NoChurn | C21: ='2.28 FiveNumber_Churn0'!D2 -> 45 | D21: ='2.28 FiveNumber_Churn0'!D3 -> 39.5 | E21: ='2.28 FiveNumber_Churn0'!D4 -> 73.58 | F21: ='2.28 FiveNumber_Churn0'!D5 -> 2 | G21: ='2.28 FiveNumber_Churn0'!D6 -> 44.8 | H21: ='2.28 FiveNumber_Churn0'!D7 -> 6 | I21: ='2.28 FiveNumber_Churn0'!D8 -> 2197.935
B22: Churn | C22: ='2.29 FiveNumber_Churn1'!D2 -> 43 | D22: ='2.29 FiveNumber_Churn1'!D3 -> 33.5 | E22: ='2.29 FiveNumber_Churn1'!D4 -> 73.63 | F22: ='2.29 FiveNumber_Churn1'!D5 -> 2 | G22: ='2.29 FiveNumber_Churn1'!D6 -> 57.75 | H22: ='2.29 FiveNumber_Churn1'!D7 -> 4 | I22: ='2.29 FiveNumber_Churn1'!D8 -> 1943.275
A23: Mean | B23: NoChurn | C23: =AVERAGE('2.25 Churn0 '!B2:B133) -> 43.916667 | D23: =AVERAGE('2.25 Churn0 '!D2:D133) -> 37.818182 | E23: =AVERAGE('2.25 Churn0 '!E2:E133) -> 71.76947 | F23: =AVERAGE('2.25 Churn0 '!H2:H133) -> 2.0151515 | G23: =AVERAGE('2.25 Churn0 '!I2:I133) -> 48.489394 | H23: =AVERAGE('2.25 Churn0 '!J2:J133) -> 6.0151515 | I23: =AVERAGE('2.25 Churn0 '!K2:K133) -> 2752.1336
B24: Churn | C24: =AVERAGE('2.26 Churn1'!B2:B119) -> 43.152542 | D24: =AVERAGE('2.26 Churn1'!D2:D119) -> 33.694915 | E24: =AVERAGE('2.26 Churn1'!E2:E119) -> 70.934407 | F24: =AVERAGE('2.26 Churn1'!H2:H119) -> 1.9067797 | G24: =AVERAGE('2.26 Churn1'!I2:I119) -> 54.710169 | H24: =AVERAGE('2.26 Churn1'!J2:J119) -> 4.5677966 | I24: =AVERAGE('2.26 Churn1'!K2:K119) -> 2328.622
A25: Q3 | B25: NoChurn | C25: ='2.28 FiveNumber_Churn0'!E2 -> 57 | D25: ='2.28 FiveNumber_Churn0'!E3 -> 57.25 | E25: ='2.28 FiveNumber_Churn0'!E4 -> 93.695 | F25: ='2.28 FiveNumber_Churn0'!E5 -> 3 | G25: ='2.28 FiveNumber_Churn0'!E6 -> 73.475 | H25: ='2.28 FiveNumber_Churn0'!E7 -> 8 | I25: ='2.28 FiveNumber_Churn0'!E8 -> 4159.16
B26: Churn | C26: ='2.29 FiveNumber_Churn1'!E2 -> 55.75 | D26: ='2.29 FiveNumber_Churn1'!E3 -> 49 | E26: ='2.29 FiveNumber_Churn1'!E4 -> 95.7625 | F26: ='2.29 FiveNumber_Churn1'!E5 -> 3 | G26: ='2.29 FiveNumber_Churn1'!E6 -> 79.8 | H26: ='2.29 FiveNumber_Churn1'!E7 -> 7 | I26: ='2.29 FiveNumber_Churn1'!E8 -> 3214.915
A27: max | B27: NoChurn | C27: ='2.28 FiveNumber_Churn0'!F2 -> 69 | D27: ='2.28 FiveNumber_Churn0'!F3 -> 71 | E27: ='2.28 FiveNumber_Churn0'!F4 -> 118.63 | F27: ='2.28 FiveNumber_Churn0'!F5 -> 5 | G27: ='2.28 FiveNumber_Churn0'!F6 -> 99.2 | H27: ='2.28 FiveNumber_Churn0'!F7 -> 10 | I27: ='2.28 FiveNumber_Churn0'!F8 -> 7782.69
B28: Churn | C28: ='2.29 FiveNumber_Churn1'!F2 -> 69 | D28: ='2.29 FiveNumber_Churn1'!F3 -> 71 | E28: ='2.29 FiveNumber_Churn1'!F4 -> 119.77 | F28: ='2.29 FiveNumber_Churn1'!F5 -> 6 | G28: ='2.29 FiveNumber_Churn1'!F6 -> 99.7 | H28: ='2.29 FiveNumber_Churn1'!F7 -> 10 | I28: ='2.29 FiveNumber_Churn1'!F8 -> 7426.03
A29: SIQR | B29: NoChurn | C29: ='2.28 FiveNumber_Churn0'!G2 -> 13.625 | D29: ='2.28 FiveNumber_Churn0'!G3 -> 20.125 | E29: ='2.28 FiveNumber_Churn0'!G4 -> 20.3475 | F29: ='2.28 FiveNumber_Churn0'!G5 -> 1 | G29: ='2.28 FiveNumber_Churn0'!G6 -> 24.9875 | H29: ='2.28 FiveNumber_Churn0'!G7 -> 2 | I29: ='2.28 FiveNumber_Churn0'!G8 -> 1519.0113
B30: Churn | C30: ='2.29 FiveNumber_Churn1'!G2 -> 11.875 | D30: ='2.29 FiveNumber_Churn1'!G3 -> 15.875 | E30: ='2.29 FiveNumber_Churn1'!G4 -> 23.6275 | F30: ='2.29 FiveNumber_Churn1'!G5 -> 1 | G30: ='2.29 FiveNumber_Churn1'!G6 -> 26.1 | H30: ='2.29 FiveNumber_Churn1'!G7 -> 2.5 | I30: ='2.29 FiveNumber_Churn1'!G8 -> 1146.8225
A31: std | B31: NoChurn | C31: =_xlfn.STDEV.S('2.25 Churn0 '!B2:B133) -> 15.597534 | D31: =_xlfn.STDEV.S('2.25 Churn0 '!D2:D133) -> 21.048769 | E31: =_xlfn.STDEV.S('2.25 Churn0 '!E2:E133) -> 27.599024 | F31: =_xlfn.STDEV.S('2.25 Churn0 '!H2:H133) -> 1.3978438 | G31: =_xlfn.STDEV.S('2.25 Churn0 '!I2:I133) -> 26.954973 | H31: =_xlfn.STDEV.S('2.25 Churn0 '!J2:J133) -> 2.6471498 | I31: =_xlfn.STDEV.S('2.25 Churn0 '!K2:K133) -> 1965.8209
B32: Churn | C32: =_xlfn.STDEV.S('2.26 Churn1'!B2:B119) -> 15.031947 | D32: =_xlfn.STDEV.S('2.26 Churn1'!D2:D119) -> 19.931296 | E32: =_xlfn.STDEV.S('2.26 Churn1'!E2:E119) -> 28.62834 | F32: =_xlfn.STDEV.S('2.26 Churn1'!H2:H119) -> 1.3460121 | G32: =_xlfn.STDEV.S('2.26 Churn1'!I2:I119) -> 28.599705 | H32: =_xlfn.STDEV.S('2.26 Churn1'!J2:J119) -> 2.8569268 | I32: =_xlfn.STDEV.S('2.26 Churn1'!K2:K119) -> 1696.9013

Sheet 3. Predictive
A1: CustomerID | B1: Age | C1: Gender | D1: Tenure | E1: MonthlyCharges | F1: ContractType | G1: PaymentMethod | H1: SupportTickets | I1: ServiceUsage | J1: SatisfactionScore | K1: TotalSpend | L1: Churn | M1: Split | N1: Tenure_Bin | O1: Monthly_Bin | P1: Satis_Bin | Q1: Usage_Bin | R1: Contract_Key | S1: Tenure_Key | T1: Satis_Key | U1: Monthly_Key | V1: Usage_Key | W1: Contract_Pts | X1: Tenure_Pts | Y1: Satis_Pts | Z1: Monthly_Pts | AA1: Usage_Pts | AB1: TotalScore | AC1: PredictedClass | AD1: PredictedChurn | AE1: PredFlag | AF1: PredictedProb | AG1: PredictedChurn | AH1: RiskTier | AI1: Customer Risk List | AJ1: RiskRank | AK1: Thresholds | AN1: Key | AO1: Score
A2: 1 | B2: 56 | C2: Female | D2: 58 | E2: 28.27 | F2: 1-Year | G2: Credit Card | H2: 2 | I2: 52.7 | J2: 6 | K2: 1614.09 | L2: 1 | M2: Test | N2: =IF(D2<6,"<6", IF(D2<12,"6-12", IF(D2<24,"12-24",">=24"))) -> >=24 | O2: =IF(E2<30,"<30", IF(E2<60,"30-60", IF(E2<90,"60-90",">=90"))) -> <30 | P2: =IF(J2<4,"1-3", IF(J2<7,"4-6","7-10")) -> 4-6 | Q2: =IF(I2<20,"<20", IF(I2<40,"20-40", IF(I2<80,"40-80",">=80"))) -> 40-80 | R2: ="ContractType|"&F2 -> ContractType|1-Year | S2: ="Tenure_Bin|"&N2 -> Tenure_Bin|>=24 | T2: ="Satis_Bin|"&P2 -> Satis_Bin|4-6 | U2: ="Monthly_Bin|"&O2 -> Monthly_Bin|<30 | V2: ="Usage_Bin|"&Q2 -> Usage_Bin|40-80 | W2: =_xlfn.XLOOKUP(R2,$AN$2:$AN$19,$AO$2:$AO$19,0) -> 1 | X2: =_xlfn.XLOOKUP(N2,$AN$2:$AN$19,$AO$2:$AO$19,0) -> 0 | Y2: =_xlfn.XLOOKUP(P2,$AN$2:$AN$19,$AO$2:$AO$19,0) -> 2 | Z2: =_xlfn.XLOOKUP(O2,$AN$2:$AN$19,$AO$2:$AO$19,0) -> 0 | AA2: =_xlfn.XLOOKUP(Q2,$AN$2:$AN$19,$AO$2:$AO$19,0) -> 0 | AB2: =SUM(W2:AA2) -> 3 | AC2: =IF(AB2>=7,"High", IF(AB2>=4,"Medium","Low")) -> Low | AD2: =IF(AB2>=$AK$2,"Yes","No") -> No | AE2: =IF(AD2="Yes",1,0) -> 0 | AF2: =_xlfn.XLOOKUP(AB2, '3.3 Calibration'!$A$2:$A$14, '3.3 Calibration'!$F$2:$F$14, '3.3 Calibration'!$D$2, 1) -> 0.42105263 | AG2: =IF(AF2 >= 0.5, "Yes", "No") -> No | AH2: =IF(AF2>=0.6,"High", IF(AF2>=0.4,"Medium","Low")) -> Medium | AI2: =IF(AH2="High",N2,NA()) -> #N/A | AJ2: =_xlfn.RANK.EQ(AF2, AF:AF, 0) -> 117 | AK2: 13 | AL2: 0.5 | AN2: ContractType|Month-to-Month | AO2: 3
A3: 2 | B3: 69 | C3: Female | D3: 63 | E3: 107.67 | F3: 1-Year | G3: Credit Card | H3: 1 | I3: 16.8 | J3: 1 | K3: 6505.15 | L3: 1 | M3: Train | N3: =IF(D3<6,"<6", IF(D3<12,"6-12", IF(D3<24,"12-24",">=24"))) -> >=24 | O3: =IF(E3<30,"<30", IF(E3<60,"30-60", IF(E3<90,"60-90",">=90"))) -> >=90 | P3: =IF(J3<4,"1-3", IF(J3<7,"4-6","7-10")) -> 1-3 | Q3: =IF(I3<20,"<20", IF(I3<40,"20-40", IF(I3<80,"40-80",">=80"))) -> <20 | R3: ="ContractType|"&F3 -> ContractType|1-Year | S3: ="Tenure_Bin|"&N3 -> Tenure_Bin|>=24 | T3: ="Satis_Bin|"&P3 -> Satis_Bin|1-3 | U3: ="Monthly_Bin|"&O3 -> Monthly_Bin|>=90 | V3: ="Usage_Bin|"&Q3 -> Usage_Bin|<20 | W3: =_xlfn.XLOOKUP(R3,$AN$2:$AN$19,$AO$2:$AO$19,0) -> 1 | X3: =_xlfn.XLOOKUP(N3,$AN$2:$AN$19,$AO$2:$AO$19,0) -> 0 | Y3: =_xlfn.XLOOKUP(P3,$AN$2:$AN$19,$AO$2:$AO$19,0) -> 4 | Z3: =_xlfn.XLOOKUP(O3,$AN$2:$AN$19,$AO$2:$AO$19,0) -> 2 | AA3: =_xlfn.XLOOKUP(Q3,$AN$2:$AN$19,$AO$2:$AO$19,0) -> 2 | AB3: =SUM(W3:AA3) -> 9 | AC3: =IF(AB3>=7,"High", IF(AB3>=4,"Medium","Low")) -> High | AD3: =IF(AB3>=$AK$2,"Yes","No") -> No | AE3: =IF(AD3="Yes",1,0) -> 0 | AF3: =_xlfn.XLOOKUP(AB3, '3.3 Calibration'!$A$2:$A$14, '3.3 Calibration'!$F$2:$F$14, '3.3 Calibration'!$D$2, 1) -> 0.54545455 | AG3: =IF(AF3 >= 0.5, "Yes", "No") -> Yes | AH3: =IF(AF3>=0.6,"High", IF(AF3>=0.4,"Medium","Low")) -> Medium | AI3: =IF(AH3="High",N3,NA()) -> #N/A | AN3: ContractType|1-Year | AO3: 1
A4: 3 | B4: 46 | C4: Female | D4: 62 | E4: 75.16 | F4: Month-to-Month | G4: Bank Transfer | H4: 1 | I4: 41.6 | J4: 5 | K4: 4646.87 | L4: 0 | M4: Test | N4: =IF(D4<6,"<6", IF(D4<12,"6-12", IF(D4<24,"12-24",">=24"))) -> >=24 | O4: =IF(E4<30,"<30", IF(E4<60,"30-60", IF(E4<90,"60-90",">=90"))) -> 60-90 | P4: =IF(J4<4,"1-3", IF(J4<7,"4-6","7-10")) -> 4-6 | Q4: =IF(I4<20,"<20", IF(I4<40,"20-40", IF(I4<80,"40-80",">=80"))) -> 40-80 | R4: ="ContractType|"&F4 -> ContractType|Month-to-Month | S4: ="Tenure_Bin|"&N4 -> Tenure_Bin|>=24 | T4: ="Satis_Bin|"&P4 -> Satis_Bin|4-6 | U4: ="Monthly_Bin|"&O4 -> Monthly_Bin|60-90 | V4: ="Usage_Bin|"&Q4 -> Usage_Bin|40-80 | W4: =_xlfn.XLOOKUP(R4,$AN$2:$AN$19,$AO$2:$AO$19,0) -> 3 | X4: =_xlfn.XLOOKUP(N4,$AN$2:$AN$19,$AO$2:$AO$19,0) -> 0 | Y4: =_xlfn.XLOOKUP(P4,$AN$2:$AN$19,$AO$2:$AO$19,0) -> 2 | Z4: =_xlfn.XLOOKUP(O4,$AN$2:$AN$19,$AO$2:$AO$19,0) -> 1 | AA4: =_xlfn.XLOOKUP(Q4,$AN$2:$AN$19,$AO$2:$AO$19,0) -> 0 | AB4: =SUM(W4:AA4) -> 6 | AC4: =IF(AB4>=7,"High", IF(AB4>=4,"Medium","Low")) -> Medium | AD4: =IF(AB4>=$AK$2,"Yes","No") -> No | AE4: =IF(AD4="Yes",1,0) -> 0 | AF4: =_xlfn.XLOOKUP(AB4, '3.3 Calibration'!$A$2:$A$14, '3.3 Calibration'!$F$2:$F$14, '3.3 Calibration'!$D$2, 1) -> 0.33333333 | AG4: =IF(AF4 >= 0.5, "Yes", "No") -> No | AH4: =IF(AF4>=0.6,"High", IF(AF4>=0.4,"Medium","Low")) -> Low | AI4: =IF(AH4="High",N4,NA()) -> #N/A | AN4: ContractType|2-Year | AO4: 0
A5: 4 | B5: 32 | C5: Male | D5: 22 | E5: 36.48 | F5: Month-to-Month | G5: PayPal | H5: 1 | I5: 66.1 | J5: 3 | K5: 814.95 | L5: 1 | M5: Train | N5: =IF(D5<6,"<6", IF(D5<12,"6-12", IF(D5<24,"12-24",">=24"))) -> 12-24 | O5: =IF(E5<30,"<30", IF(E5<60,"30-60", IF(E5<90,"60-90",">=90"))) -> 30-60 | P5: =IF(J5<4,"1-3", IF(J5<7,"4-6","7-10")) -> 1-3 | Q5: =IF(I5<20,"<20", IF(I5<40,"20-40", IF(I5<80,"40-80",">=80"))) -> 40-80 | R5: ="ContractType|"&F5 -> ContractType|Month-to-Month | S5: ="Tenure_Bin|"&N5 -> Tenure_Bin|12-24 | T5: ="Satis_Bin|"&P5 -> Satis_Bin|1-3 | U5: ="Monthly_Bin|"&O5 -> Monthly_Bin|30-60 | V5: ="Usage_Bin|"&Q5 -> Usage_Bin|40-80 | W5: =_xlfn.XLOOKUP(R5,$AN$2:$AN$19,$AO$2:$AO$19,0) -> 3 | X5: =_xlfn.XLOOKUP(N5,$AN$2:$AN$19,$AO$2:$AO$19,0) -> 1 | Y5: =_xlfn.XLOOKUP(P5,$AN$2:$AN$19,$AO$2:$AO$19,0) -> 4 | Z5: =_xlfn.XLOOKUP(O5,$AN$2:$AN$19,$AO$2:$AO$19,0) -> 0 | AA5: =_xlfn.XLOOKUP(Q5,$AN$2:$AN$19,$AO$2:$AO$19,0) -> 0 | AB5: =SUM(W5:AA5) -> 8 | AC5: =IF(AB5>=7,"High", IF(AB5>=4,"Medium","Low")) -> High | AD5: =IF(AB5>=$AK$2,"Yes","No") -> No | AE5: =IF(AD5="Yes",1,0) -> 0 | AF5: =_xlfn.XLOOKUP(AB5, '3.3 Calibration'!$A$2:$A$14, '3.3 Calibration'!$F$2:$F$14, '3.3 Calibration'!$D$2, 1) -> 0.73684211 | AG5: =IF(AF5 >= 0.5, "Yes", "No") -> Yes | AH5: =IF(AF5>=0.6,"High", IF(AF5>=0.4,"Medium","Low")) -> High | AI5: =IF(AH5="High",N5,NA()) -> 12-24 | AN5: <6 | AO5: 3
A6: 5 | B6: 60 | C6: Male | D6: 58 | E6: 61.13 | F6: 1-Year | G6: Bank Transfer | H6: 3 | I6: 79.1 | J6: 1 | K6: 3222 | L6: 1 | M6: Train | N6: =IF(D6<6,"<6", IF(D6<12,"6-12", IF(D6<24,"12-24",">=24"))) -> >=24 | O6: =IF(E6<30,"<30", IF(E6<60,"30-60", IF(E6<90,"60-90",">=90"))) -> 60-90 | P6: =IF(J6<4,"1-3", IF(J6<7,"4-6","7-10")) -> 1-3 | Q6: =IF(I6<20,"<20", IF(I6<40,"20-40", IF(I6<80,"40-80",">=80"))) -> 40-80 | R6: ="ContractType|"&F6 -> ContractType|1-Year | S6: ="Tenure_Bin|"&N6 -> Tenure_Bin|>=24 | T6: ="Satis_Bin|"&P6 -> Satis_Bin|1-3 | U6: ="Monthly_Bin|"&O6 -> Monthly_Bin|60-90 | V6: ="Usage_Bin|"&Q6 -> Usage_Bin|40-80 | W6: =_xlfn.XLOOKUP(R6,$AN$2:$AN$19,$AO$2:$AO$19,0) -> 1 | X6: =_xlfn.XLOOKUP(N6,$AN$2:$AN$19,$AO$2:$AO$19,0) -> 0 | Y6: =_xlfn.XLOOKUP(P6,$AN$2:$AN$19,$AO$2:$AO$19,0) -> 4 | Z6: =_xlfn.XLOOKUP(O6,$AN$2:$AN$19,$AO$2:$AO$19,0) -> 1 | AA6: =_xlfn.XLOOKUP(Q6,$AN$2:$AN$19,$AO$2:$AO$19,0) -> 0 | AB6: =SUM(W6:AA6) -> 6 | AC6: =IF(AB6>=7,"High", IF(AB6>=4,"Medium","Low")) -> Medium | AD6: =IF(AB6>=$AK$2,"Yes","No") -> No | AE6: =IF(AD6="Yes",1,0) -> 0 | AF6: =_xlfn.XLOOKUP(AB6, '3.3 Calibration'!$A$2:$A$14, '3.3 Calibration'!$F$2:$F$14, '3.3 Calibration'!$D$2, 1) -> 0.33333333 | AG6: =IF(AF6 >= 0.5, "Yes", "No") -> No | AH6: =IF(AF6>=0.6,"High", IF(AF6>=0.4,"Medium","Low")) -> Low | AI6: =IF(AH6="High",N6,NA()) -> #N/A | AN6: 6-12 | AO6: 2
A7: 6 | B7: 25 | C7: Female | D7: 58 | E7: 97.76 | F7: Month-to-Month | G7: PayPal | H7: 2 | I7: 25.6 | J7: 4 | K7: 5242.56 | L7: 1 | M7: Train | N7: =IF(D7<6,"<6", IF(D7<12,"6-12", IF(D7<24,"12-24",">=24"))) -> >=24 | O7: =IF(E7<30,"<30", IF(E7<60,"30-60", IF(E7<90,"60-90",">=90"))) -> >=90 | P7: =IF(J7<4,"1-3", IF(J7<7,"4-6","7-10")) -> 4-6 | Q7: =IF(I7<20,"<20", IF(I7<40,"20-40", IF(I7<80,"40-80",">=80"))) -> 20-40 | R7: ="ContractType|"&F7 -> ContractType|Month-to-Month | S7: ="Tenure_Bin|"&N7 -> Tenure_Bin|>=24 | T7: ="Satis_Bin|"&P7 -> Satis_Bin|4-6 | U7: ="Monthly_Bin|"&O7 -> Monthly_Bin|>=90 | V7: ="Usage_Bin|"&Q7 -> Usage_Bin|20-40 | W7: =_xlfn.XLOOKUP(R7,$AN$2:$AN$19,$AO$2:$AO$19,0) -> 3 | X7: =_xlfn.XLOOKUP(N7,$AN$2:$AN$19,$AO$2:$AO$19,0) -> 0 | Y7: =_xlfn.XLOOKUP(P7,$AN$2:$AN$19,$AO$2:$AO$19,0) -> 2 | Z7: =_xlfn.XLOOKUP(O7,$AN$2:$AN$19,$AO$2:$AO$19,0) -> 2 | AA7: =_xlfn.XLOOKUP(Q7,$AN$2:$AN$19,$AO$2:$AO$19,0) -> 1 | AB7: =SUM(W7:AA7) -> 8 | AC7: =IF(AB7>=7,"High", IF(AB7>=4,"Medium","Low")) -> High | AD7: =IF(AB7>=$AK$2,"Yes","No") -> No | AE7: =IF(AD7="Yes",1,0) -> 0 | AF7: =_xlfn.XLOOKUP(AB7, '3.3 Calibration'!$A$2:$A$14, '3.3 Calibration'!$F$2:$F$14, '3.3 Calibration'!$D$2, 1) -> 0.73684211 | AG7: =IF(AF7 >= 0.5, "Yes", "No") -> Yes | AH7: =IF(AF7>=0.6,"High", IF(AF7>=0.4,"Medium","Low")) -> High | AI7: =IF(AH7="High",N7,NA()) -> >=24 | AN7: 12-24 | AO7: 1
A8: 7 | B8: 38 | C8: Female | D8: 49 | E8: 68.04 | F8: 1-Year | G8: Credit Card | H8: 2 | I8: 18.1 | J8: 2 | K8: 3373.06 | L8: 1 | M8: Test | N8: =IF(D8<6,"<6", IF(D8<12,"6-12", IF(D8<24,"12-24",">=24"))) -> >=24 | O8: =IF(E8<30,"<30", IF(E8<60,"30-60", IF(E8<90,"60-90",">=90"))) -> 60-90 | P8: =IF(J8<4,"1-3", IF(J8<7,"4-6","7-10")) -> 1-3 | Q8: =IF(I8<20,"<20", IF(I8<40,"20-40", IF(I8<80,"40-80",">=80"))) -> <20 | R8: ="ContractType|"&F8 -> ContractType|1-Year | S8: ="Tenure_Bin|"&N8 -> Tenure_Bin|>=24 | T8: ="Satis_Bin|"&P8 -> Satis_Bin|1-3 | U8: ="Monthly_Bin|"&O8 -> Monthly_Bin|60-90 | V8: ="Usage_Bin|"&Q8 -> Usage_Bin|<20 | W8: =_xlfn.XLOOKUP(R8,$AN$2:$AN$19,$AO$2:$AO$19,0) -> 1 | X8: =_xlfn.XLOOKUP(N8,$AN$2:$AN$19,$AO$2:$AO$19,0) -> 0 | Y8: =_xlfn.XLOOKUP(P8,$AN$2:$AN$19,$AO$2:$AO$19,0) -> 4 | Z8: =_xlfn.XLOOKUP(O8,$AN$2:$AN$19,$AO$2:$AO$19,0) -> 1 | AA8: =_xlfn.XLOOKUP(Q8,$AN$2:$AN$19,$AO$2:$AO$19,0) -> 2 | AB8: =SUM(W8:AA8) -> 8 | AC8: =IF(AB8>=7,"High", IF(AB8>=4,"Medium","Low")) -> High | AD8: =IF(AB8>=$AK$2,"Yes","No") -> No | AE8: =IF(AD8="Yes",1,0) -> 0 | AF8: =_xlfn.XLOOKUP(AB8, '3.3 Calibration'!$A$2:$A$14, '3.3 Calibration'!$F$2:$F$14, '3.3 Calibration'!$D$2, 1) -> 0.73684211 | AG8: =IF(AF8 >= 0.5, "Yes", "No") -> Yes | AH8: =IF(AF8>=0.6,"High", IF(AF8>=0.4,"Medium","Low")) -> High | AI8: =IF(AH8="High",N8,NA()) -> >=24 | AN8: >=24 | AO8: 0
A9: 8 | B9: 56 | C9: Male | D9: 52 | E9: 118.53 | F9: Month-to-Month | G9: PayPal | H9: 3 | I9: 68 | J9: 2 | K9: 5970.23 | L9: 0 | M9: Test | N9: =IF(D9<6,"<6", IF(D9<12,"6-12", IF(D9<24,"12-24",">=24"))) -> >=24 | O9: =IF(E9<30,"<30", IF(E9<60,"30-60", IF(E9<90,"60-90",">=90"))) -> >=90 | P9: =IF(J9<4,"1-3", IF(J9<7,"4-6","7-10")) -> 1-3 | Q9: =IF(I9<20,"<20", IF(I9<40,"20-40", IF(I9<80,"40-80",">=80"))) -> 40-80 | R9: ="ContractType|"&F9 -> ContractType|Month-to-Month | S9: ="Tenure_Bin|"&N9 -> Tenure_Bin|>=24 | T9: ="Satis_Bin|"&P9 -> Satis_Bin|1-3 | U9: ="Monthly_Bin|"&O9 -> Monthly_Bin|>=90 | V9: ="Usage_Bin|"&Q9 -> Usage_Bin|40-80 | W9: =_xlfn.XLOOKUP(R9,$AN$2:$AN$19,$AO$2:$AO$19,0) -> 3 | X9: =_xlfn.XLOOKUP(N9,$AN$2:$AN$19,$AO$2:$AO$19,0) -> 0 | Y9: =_xlfn.XLOOKUP(P9,$AN$2:$AN$19,$AO$2:$AO$19,0) -> 4 | Z9: =_xlfn.XLOOKUP(O9,$AN$2:$AN$19,$AO$2:$AO$19,0) -> 2 | AA9: =_xlfn.XLOOKUP(Q9,$AN$2:$AN$19,$AO$2:$AO$19,0) -> 0 | AB9: =SUM(W9:AA9) -> 9 | AC9: =IF(AB9>=7,"High", IF(AB9>=4,"Medium","Low")) -> High | AD9: =IF(AB9>=$AK$2,"Yes","No") -> No | AE9: =IF(AD9="Yes",1,0) -> 0 | AF9: =_xlfn.XLOOKUP(AB9, '3.3 Calibration'!$A$2:$A$14, '3.3 Calibration'!$F$2:$F$14, '3.3 Calibration'!$D$2, 1) -> 0.54545455 | AG9: =IF(AF9 >= 0.5, "Yes", "No") -> Yes | AH9: =IF(AF9>=0.6,"High", IF(AF9>=0.4,"Medium","Low")) -> Medium | AI9: =IF(AH9="High",N9,NA()) -> #N/A | AN9: 1-3 | AO9: 4
A10: 9 | B10: 36 | C10: Male | D10: 42 | E10: 57.67 | F10: Month-to-Month | G10: Bank Transfer | H10: 0 | I10: 5.2 | J10: 3 | K10: 2533.16 | L10: 1 | M10: Test | N10: =IF(D10<6,"<6", IF(D10<12,"6-12", IF(D10<24,"12-24",">=24"))) -> >=24 | O10: =IF(E10<30,"<30", IF(E10<60,"30-60", IF(E10<90,"60-90",">=90"))) -> 30-60 | P10: =IF(J10<4,"1-3", IF(J10<7,"4-6","7-10")) -> 1-3 | Q10: =IF(I10<20,"<20", IF(I10<40,"20-40", IF(I10<80,"40-80",">=80"))) -> <20 | R10: ="ContractType|"&F10 -> ContractType|Month-to-Month | S10: ="Tenure_Bin|"&N10 -> Tenure_Bin|>=24 | T10: ="Satis_Bin|"&P10 -> Satis_Bin|1-3 | U10: ="Monthly_Bin|"&O10 -> Monthly_Bin|30-60 | V10: ="Usage_Bin|"&Q10 -> Usage_Bin|<20 | W10: =_xlfn.XLOOKUP(R10,$AN$2:$AN$19,$AO$2:$AO$19,0) -> 3 | X10: =_xlfn.XLOOKUP(N10,$AN$2:$AN$19,$AO$2:$AO$19,0) -> 0 | Y10: =_xlfn.XLOOKUP(P10,$AN$2:$AN$19,$AO$2:$AO$19,0) -> 4 | Z10: =_xlfn.XLOOKUP(O10,$AN$2:$AN$19,$AO$2:$AO$19,0) -> 0 | AA10: =_xlfn.XLOOKUP(Q10,$AN$2:$AN$19,$AO$2:$AO$19,0) -> 2 | AB10: =SUM(W10:AA10) -> 9 | AC10: =IF(AB10>=7,"High", IF(AB10>=4,"Medium","Low")) -> High | AD10: =IF(AB10>=$AK$2,"Yes","No") -> No | AE10: =IF(AD10="Yes",1,0) -> 0 | AF10: =_xlfn.XLOOKUP(AB10, '3.3 Calibration'!$A$2:$A$14, '3.3 Calibration'!$F$2:$F$14, '3.3 Calibration'!$D$2, 1) -> 0.54545455 | AG10: =IF(AF10 >= 0.5, "Yes", "No") -> Yes | AH10: =IF(AF10>=0.6,"High", IF(AF10>=0.4,"Medium","Low")) -> Medium | AI10: =IF(AH10="High",N10,NA()) -> #N/A | AN10: 4-6 | AO10: 2
A11: 10 | B11: 40 | C11: Female | D11: 70 | E11: 94.96 | F11: Month-to-Month | G11: Credit Card | H11: 5 | I11: 21.9 | J11: 8 | K11: 6849.66 | L11: 0 | M11: Train | N11: =IF(D11<6,"<6", IF(D11<12,"6-12", IF(D11<24,"12-24",">=24"))) -> >=24 | O11: =IF(E11<30,"<30", IF(E11<60,"30-60", IF(E11<90,"60-90",">=90"))) -> >=90 | P11: =IF(J11<4,"1-3", IF(J11<7,"4-6","7-10")) -> 7-10 | Q11: =IF(I11<20,"<20", IF(I11<40,"20-40", IF(I11<80,"40-80",">=80"))) -> 20-40 | R11: ="ContractType|"&F11 -> ContractType|Month-to-Month | S11: ="Tenure_Bin|"&N11 -> Tenure_Bin|>=24 | T11: ="Satis_Bin|"&P11 -> Satis_Bin|7-10 | U11: ="Monthly_Bin|"&O11 -> Monthly_Bin|>=90 | V11: ="Usage_Bin|"&Q11 -> Usage_Bin|20-40 | W11: =_xlfn.XLOOKUP(R11,$AN$2:$AN$19,$AO$2:$AO$19,0) -> 3 | X11: =_xlfn.XLOOKUP(N11,$AN$2:$AN$19,$AO$2:$AO$19,0) -> 0 | Y11: =_xlfn.XLOOKUP(P11,$AN$2:$AN$19,$AO$2:$AO$19,0) -> 0 | Z11: =_xlfn.XLOOKUP(O11,$AN$2:$AN$19,$AO$2:$AO$19,0) -> 2 | AA11: =_xlfn.XLOOKUP(Q11,$AN$2:$AN$19,$AO$2:$AO$19,0) -> 1 | AB11: =SUM(W11:AA11) -> 6 | AC11: =IF(AB11>=7,"High", IF(AB11>=4,"Medium","Low")) -> Medium | AD11: =IF(AB11>=$AK$2,"Yes","No") -> No | AE11: =IF(AD11="Yes",1,0) -> 0 | AF11: =_xlfn.XLOOKUP(AB11, '3.3 Calibration'!$A$2:$A$14, '3.3 Calibration'!$F$2:$F$14, '3.3 Calibration'!$D$2, 1) -> 0.33333333 | AG11: =IF(AF11 >= 0.5, "Yes", "No") -> No | AH11: =IF(AF11>=0.6,"High", IF(AF11>=0.4,"Medium","Low")) -> Low | AI11: =IF(AH11="High",N11,NA()) -> #N/A | AN11: 7-10 | AO11: 0
A12: 11 | B12: 28 | C12: Male | D12: 15 | E12: 59.3 | F12: Month-to-Month | G12: Bank Transfer | H12: 1 | I12: 7.8 | J12: 8 | K12: 950.98 | L12: 0 | M12: Train | N12: =IF(D12<6,"<6", IF(D12<12,"6-12", IF(D12<24,"12-24",">=24"))) -> 12-24 | O12: =IF(E12<30,"<30", IF(E12<60,"30-60", IF(E12<90,"60-90",">=90"))) -> 30-60 | P12: =IF(J12<4,"1-3", IF(J12<7,"4-6","7-10")) -> 7-10 | Q12: =IF(I12<20,"<20", IF(I12<40,"20-40", IF(I12<80,"40-80",">=80"))) -> <20 | R12: ="ContractType|"&F12 -> ContractType|Month-to-Month | S12: ="Tenure_Bin|"&N12 -> Tenure_Bin|12-24 | T12: ="Satis_Bin|"&P12 -> Satis_Bin|7-10 | U12: ="Monthly_Bin|"&O12 -> Monthly_Bin|30-60 | V12: ="Usage_Bin|"&Q12 -> Usage_Bin|<20 | W12: =_xlfn.XLOOKUP(R12,$AN$2:$AN$19,$AO$2:$AO$19,0) -> 3 | X12: =_xlfn.XLOOKUP(N12,$AN$2:$AN$19,$AO$2:$AO$19,0) -> 1 | Y12: =_xlfn.XLOOKUP(P12,$AN$2:$AN$19,$AO$2:$AO$19,0) -> 0 | Z12: =_xlfn.XLOOKUP(O12,$AN$2:$AN$19,$AO$2:$AO$19,0) -> 0 | AA12: =_xlfn.XLOOKUP(Q12,$AN$2:$AN$19,$AO$2:$AO$19,0) -> 2 | AB12: =SUM(W12:AA12) -> 6 | AC12: =IF(AB12>=7,"High", IF(AB12>=4,"Medium","Low")) -> Medium | AD12: =IF(AB12>=$AK$2,"Yes","No") -> No | AE12: =IF(AD12="Yes",1,0) -> 0 | AF12: =_xlfn.XLOOKUP(AB12, '3.3 Calibration'!$A$2:$A$14, '3.3 Calibration'!$F$2:$F$14, '3.3 Calibration'!$D$2, 1) -> 0.33333333 | AG12: =IF(AF12 >= 0.5, "Yes", "No") -> No | AH12: =IF(AF12>=0.6,"High", IF(AF12>=0.4,"Medium","Low")) -> Low | AI12: =IF(AH12="High",N12,NA()) -> #N/A | AN12: >=90 | AO12: 2
A13: 12 | B13: 28 | C13: Female | D13: 54 | E13: 102.92 | F13: 1-Year | G13: Bank Transfer | H13: 3 | I13: 20.9 | J13: 7 | K13: 5771.64 | L13: 0 | M13: Test | N13: =IF(D13<6,"<6", IF(D13<12,"6-12", IF(D13<24,"12-24",">=24"))) -> >=24 | O13: =IF(E13<30,"<30", IF(E13<60,"30-60", IF(E13<90,"60-90",">=90"))) -> >=90 | P13: =IF(J13<4,"1-3", IF(J13<7,"4-6","7-10")) -> 7-10 | Q13: =IF(I13<20,"<20", IF(I13<40,"20-40", IF(I13<80,"40-80",">=80"))) -> 20-40 | R13: ="ContractType|"&F13 -> ContractType|1-Year | S13: ="Tenure_Bin|"&N13 -> Tenure_Bin|>=24 | T13: ="Satis_Bin|"&P13 -> Satis_Bin|7-10 | U13: ="Monthly_Bin|"&O13 -> Monthly_Bin|>=90 | V13: ="Usage_Bin|"&Q13 -> Usage_Bin|20-40 | W13: =_xlfn.XLOOKUP(R13,$AN$2:$AN$19,$AO$2:$AO$19,0) -> 1 | X13: =_xlfn.XLOOKUP(N13,$AN$2:$AN$19,$AO$2:$AO$19,0) -> 0 | Y13: =_xlfn.XLOOKUP(P13,$AN$2:$AN$19,$AO$2:$AO$19,0) -> 0 | Z13: =_xlfn.XLOOKUP(O13,$AN$2:$AN$19,$AO$2:$AO$19,0) -> 2 | AA13: =_xlfn.XLOOKUP(Q13,$AN$2:$AN$19,$AO$2:$AO$19,0) -> 1 | AB13: =SUM(W13:AA13) -> 4 | AC13: =IF(AB13>=7,"High", IF(AB13>=4,"Medium","Low")) -> Medium | AD13: =IF(AB13>=$AK$2,"Yes","No") -> No | AE13: =IF(AD13="Yes",1,0) -> 0 | AF13: =_xlfn.XLOOKUP(AB13, '3.3 Calibration'!$A$2:$A$14, '3.3 Calibration'!$F$2:$F$14, '3.3 Calibration'!$D$2, 1) -> 0.40740741 | AG13: =IF(AF13 >= 0.5, "Yes", "No") -> No | AH13: =IF(AF13>=0.6,"High", IF(AF13>=0.4,"Medium","Low")) -> Medium | AI13: =IF(AH13="High",N13,NA()) -> #N/A | AN13: 60-90 | AO13: 1
A14: 13 | B14: 41 | C14: Female | D14: 60 | E14: 76.91 | F14: Month-to-Month | G14: PayPal | H14: 0 | I14: 22.2 | J14: 6 | K14: 4549.93 | L14: 0 | M14: Train | N14: =IF(D14<6,"<6", IF(D14<12,"6-12", IF(D14<24,"12-24",">=24"))) -> >=24 | O14: =IF(E14<30,"<30", IF(E14<60,"30-60", IF(E14<90,"60-90",">=90"))) -> 60-90 | P14: =IF(J14<4,"1-3", IF(J14<7,"4-6","7-10")) -> 4-6 | Q14: =IF(I14<20,"<20", IF(I14<40,"20-40", IF(I14<80,"40-80",">=80"))) -> 20-40 | R14: ="ContractType|"&F14 -> ContractType|Month-to-Month | S14: ="Tenure_Bin|"&N14 -> Tenure_Bin|>=24 | T14: ="Satis_Bin|"&P14 -> Satis_Bin|4-6 | U14: ="Monthly_Bin|"&O14 -> Monthly_Bin|60-90 | V14: ="Usage_Bin|"&Q14 -> Usage_Bin|20-40 | W14: =_xlfn.XLOOKUP(R14,$AN$2:$AN$19,$AO$2:$AO$19,0) -> 3 | X14: =_xlfn.XLOOKUP(N14,$AN$2:$AN$19,$AO$2:$AO$19,0) -> 0 | Y14: =_xlfn.XLOOKUP(P14,$AN$2:$AN$19,$AO$2:$AO$19,0) -> 2 | Z14: =_xlfn.XLOOKUP(O14,$AN$2:$AN$19,$AO$2:$AO$19,0) -> 1 | AA14: =_xlfn.XLOOKUP(Q14,$AN$2:$AN$19,$AO$2:$AO$19,0) -> 1 | AB14: =SUM(W14:AA14) -> 7 | AC14: =IF(AB14>=7,"High", IF(AB14>=4,"Medium","Low")) -> High | AD14: =IF(AB14>=$AK$2,"Yes","No") -> No | AE14: =IF(AD14="Yes",1,0) -> 0 | AF14: =_xlfn.XLOOKUP(AB14, '3.3 Calibration'!$A$2:$A$14, '3.3 Calibration'!$F$2:$F$14, '3.3 Calibration'!$D$2, 1) -> 0.54166667 | AG14: =IF(AF14 >= 0.5, "Yes", "No") -> Yes | AH14: =IF(AF14>=0.6,"High", IF(AF14>=0.4,"Medium","Low")) -> Medium | AI14: =IF(AH14="High",N14,NA()) -> #N/A | AN14: 30-60 | AO14: 0
... A19: 18 | B19: 39 | C19: Male | D19: 68 | E19: 27.54 | F19: Month-to-Month | G19: Credit Card | H19: 2 | I19: 73.7 | J19: 7 | K19: 1852.65 | L19: 0 | M19: Train | N19: =IF(D19<6,"<6", IF(D19<12,"6-12", IF(D19<24,"12-24",">=24"))) -> >=24 | O19: =IF(E19<30,"<30", IF(E19<60,"30-60", IF(E19<90,"60-90",">=90"))) -> <30 | P19: =IF(J19<4,"1-3", IF(J19<7,"4-6","7-10")) -> 7-10 | Q19: =IF(I19<20,"<20", IF(I19<40,"20-40", IF(I19<80,"40-80",">=80"))) -> 40-80 | R19: ="ContractType|"&F19 -> ContractType|Month-to-Month | S19: ="Tenure_Bin|"&N19 -> Tenure_Bin|>=24 | T19: ="Satis_Bin|"&P19 -> Satis_Bin|7-10 | U19: ="Monthly_Bin|"&O19 -> Monthly_Bin|<30 | V19: ="Usage_Bin|"&Q19 -> Usage_Bin|40-80 | W19: =_xlfn.XLOOKUP(R19,$AN$2:$AN$19,$AO$2:$AO$19,0) -> 3 | X19: =_xlfn.XLOOKUP(N19,$AN$2:$AN$19,$AO$2:$AO$19,0) -> 0 | Y19: =_xlfn.XLOOKUP(P19,$AN$2:$AN$19,$AO$2:$AO$19,0) -> 0 | Z19: =_xlfn.XLOOKUP(O19,$AN$2:$AN$19,$AO$2:$AO$19,0) -> 0 | AA19: =_xlfn.XLOOKUP(Q19,$AN$2:$AN$19,$AO$2:$AO$19,0) -> 0 | AB19: =SUM(W19:AA19) -> 3 | AC19: =IF(AB19>=7,"High", IF(AB19>=4,"Medium","Low")) -> Low | AD19: =IF(AB19>=$AK$2,"Yes","No") -> No | AE19: =IF(AD19="Yes",1,0) -> 0 | AF19: =_xlfn.XLOOKUP(AB19, '3.3 Calibration'!$A$2:$A$14, '3.3 Calibration'!$F$2:$F$14, '3.3 Calibration'!$D$2, 1) -> 0.42105263 | AG19: =IF(AF19 >= 0.5, "Yes", "No") -> No | AH19: =IF(AF19>=0.6,"High", IF(AF19>=0.4,"Medium","Low")) -> Medium | AI19: =IF(AH19="High",N19,NA()) -> #N/A | AN19: >=80 | AO19: 0
A20: 19 | B20: 19 | C20: Female | D20: 6 | E20: 89.17 | F20: Month-to-Month | G20: PayPal | H20: 6 | I20: 14.9 | J20: 7 | K20: 566.95 | L20: 1 | M20: Train | N20: =IF(D20<6,"<6", IF(D20<12,"6-12", IF(D20<24,"12-24",">=24"))) -> 6-12 | O20: =IF(E20<30,"<30", IF(E20<60,"30-60", IF(E20<90,"60-90",">=90"))) -> 60-90 | P20: =IF(J20<4,"1-3", IF(J20<7,"4-6","7-10")) -> 7-10 | Q20: =IF(I20<20,"<20", IF(I20<40,"20-40", IF(I20<80,"40-80",">=80"))) -> <20 | R20: ="ContractType|"&F20 -> ContractType|Month-to-Month | S20: ="Tenure_Bin|"&N20 -> Tenure_Bin|6-12 | T20: ="Satis_Bin|"&P20 -> Satis_Bin|7-10 | U20: ="Monthly_Bin|"&O20 -> Monthly_Bin|60-90 | V20: ="Usage_Bin|"&Q20 -> Usage_Bin|<20 | W20: =_xlfn.XLOOKUP(R20,$AN$2:$AN$19,$AO$2:$AO$19,0) -> 3 | X20: =_xlfn.XLOOKUP(N20,$AN$2:$AN$19,$AO$2:$AO$19,0) -> 2 | Y20: =_xlfn.XLOOKUP(P20,$AN$2:$AN$19,$AO$2:$AO$19,0) -> 0 | Z20: =_xlfn.XLOOKUP(O20,$AN$2:$AN$19,$AO$2:$AO$19,0) -> 1 | AA20: =_xlfn.XLOOKUP(Q20,$AN$2:$AN$19,$AO$2:$AO$19,0) -> 2 | AB20: =SUM(W20:AA20) -> 8 | AC20: =IF(AB20>=7,"High", IF(AB20>=4,"Medium","Low")) -> High | AD20: =IF(AB20>=$AK$2,"Yes","No") -> No | AE20: =IF(AD20="Yes",1,0) -> 0 | AF20: =_xlfn.XLOOKUP(AB20, '3.3 Calibration'!$A$2:$A$14, '3.3 Calibration'!$F$2:$F$14, '3.3 Calibration'!$D$2, 1) -> 0.73684211 | AG20: =IF(AF20 >= 0.5, "Yes", "No") -> Yes | AH20: =IF(AF20>=0.6,"High", IF(AF20>=0.4,"Medium","Low")) -> High | AI20: =IF(AH20="High",N20,NA()) -> 6-12
A21: 20 | B21: 41 | C21: Male | D21: 47 | E21: 73.43 | F21: Month-to-Month | G21: Bank Transfer | H21: 3 | I21: 26.4 | J21: 3 | K21: 3673.76 | L21: 1 | M21: Train | N21: =IF(D21<6,"<6", IF(D21<12,"6-12", IF(D21<24,"12-24",">=24"))) -> >=24 | O21: =IF(E21<30,"<30", IF(E21<60,"30-60", IF(E21<90,"60-90",">=90"))) -> 60-90 | P21: =IF(J21<4,"1-3", IF(J21<7,"4-6","7-10")) -> 1-3 | Q21: =IF(I21<20,"<20", IF(I21<40,"20-40", IF(I21<80,"40-80",">=80"))) -> 20-40 | R21: ="ContractType|"&F21 -> ContractType|Month-to-Month | S21: ="Tenure_Bin|"&N21 -> Tenure_Bin|>=24 | T21: ="Satis_Bin|"&P21 -> Satis_Bin|1-3 | U21: ="Monthly_Bin|"&O21 -> Monthly_Bin|60-90 | V21: ="Usage_Bin|"&Q21 -> Usage_Bin|20-40 | W21: =_xlfn.XLOOKUP(R21,$AN$2:$AN$19,$AO$2:$AO$19,0) -> 3 | X21: =_xlfn.XLOOKUP(N21,$AN$2:$AN$19,$AO$2:$AO$19,0) -> 0 | Y21: =_xlfn.XLOOKUP(P21,$AN$2:$AN$19,$AO$2:$AO$19,0) -> 4 | Z21: =_xlfn.XLOOKUP(O21,$AN$2:$AN$19,$AO$2:$AO$19,0) -> 1 | AA21: =_xlfn.XLOOKUP(Q21,$AN$2:$AN$19,$AO$2:$AO$19,0) -> 1 | AB21: =SUM(W21:AA21) -> 9 | AC21: =IF(AB21>=7,"High", IF(AB21>=4,"Medium","Low")) -> High | AD21: =IF(AB21>=$AK$2,"Yes","No") -> No | AE21: =IF(AD21="Yes",1,0) -> 0 | AF21: =_xlfn.XLOOKUP(AB21, '3.3 Calibration'!$A$2:$A$14, '3.3 Calibration'!$F$2:$F$14, '3.3 Calibration'!$D$2, 1) -> 0.54545455 | AG21: =IF(AF21 >= 0.5, "Yes", "No") -> Yes | AH21: =IF(AF21>=0.6,"High", IF(AF21>=0.4,"Medium","Low")) -> Medium | AI21: =IF(AH21="High",N21,NA()) -> #N/A
A22: 21 | B22: 61 | C22: Female | D22: 55 | E22: 94.99 | F22: 1-Year | G22: PayPal | H22: 4 | I22: 71.8 | J22: 4 | K22: 5598.06 | L22: 0 | M22: Train | N22: =IF(D22<6,"<6", IF(D22<12,"6-12", IF(D22<24,"12-24",">=24"))) -> >=24 | O22: =IF(E22<30,"<30", IF(E22<60,"30-60", IF(E22<90,"60-90",">=90"))) -> >=90 | P22: =IF(J22<4,"1-3", IF(J22<7,"4-6","7-10")) -> 4-6 | Q22: =IF(I22<20,"<20", IF(I22<40,"20-40", IF(I22<80,"40-80",">=80"))) -> 40-80 | R22: ="ContractType|"&F22 -> ContractType|1-Year | S22: ="Tenure_Bin|"&N22 -> Tenure_Bin|>=24 | T22: ="Satis_Bin|"&P22 -> Satis_Bin|4-6 | U22: ="Monthly_Bin|"&O22 -> Monthly_Bin|>=90 | V22: ="Usage_Bin|"&Q22 -> Usage_Bin|40-80 | W22: =_xlfn.XLOOKUP(R22,$AN$2:$AN$19,$AO$2:$AO$19,0) -> 1 | X22: =_xlfn.XLOOKUP(N22,$AN$2:$AN$19,$AO$2:$AO$19,0) -> 0 | Y22: =_xlfn.XLOOKUP(P22,$AN$2:$AN$19,$AO$2:$AO$19,0) -> 2 | Z22: =_xlfn.XLOOKUP(O22,$AN$2:$AN$19,$AO$2:$AO$19,0) -> 2 | AA22: =_xlfn.XLOOKUP(Q22,$AN$2:$AN$19,$AO$2:$AO$19,0) -> 0 | AB22: =SUM(W22:AA22) -> 5 | AC22: =IF(AB22>=7,"High", IF(AB22>=4,"Medium","Low")) -> Medium | AD22: =IF(AB22>=$AK$2,"Yes","No") -> No | AE22: =IF(AD22="Yes",1,0) -> 0 | AF22: =_xlfn.XLOOKUP(AB22, '3.3 Calibration'!$A$2:$A$14, '3.3 Calibration'!$F$2:$F$14, '3.3 Calibration'!$D$2, 1) -> 0.33333333 | AG22: =IF(AF22 >= 0.5, "Yes", "No") -> No | AH22: =IF(AF22>=0.6,"High", IF(AF22>=0.4,"Medium","Low")) -> Low | AI22: =IF(AH22="High",N22,NA()) -> #N/A
A23: 22 | B23: 47 | C23: Male | D23: 40 | E23: 111.32 | F23: Month-to-Month | G23: PayPal | H23: 1 | I23: 10 | J23: 10 | K23: 4823.84 | L23: 1 | M23: Test | N23: =IF(D23<6,"<6", IF(D23<12,"6-12", IF(D23<24,"12-24",">=24"))) -> >=24 | O23: =IF(E23<30,"<30", IF(E23<60,"30-60", IF(E23<90,"60-90",">=90"))) -> >=90 | P23: =IF(J23<4,"1-3", IF(J23<7,"4-6","7-10")) -> 7-10 | Q23: =IF(I23<20,"<20", IF(I23<40,"20-40", IF(I23<80,"40-80",">=80"))) -> <20 | R23: ="ContractType|"&F23 -> ContractType|Month-to-Month | S23: ="Tenure_Bin|"&N23 -> Tenure_Bin|>=24 | T23: ="Satis_Bin|"&P23 -> Satis_Bin|7-10 | U23: ="Monthly_Bin|"&O23 -> Monthly_Bin|>=90 | V23: ="Usage_Bin|"&Q23 -> Usage_Bin|<20 | W23: =_xlfn.XLOOKUP(R23,$AN$2:$AN$19,$AO$2:$AO$19,0) -> 3 | X23: =_xlfn.XLOOKUP(N23,$AN$2:$AN$19,$AO$2:$AO$19,0) -> 0 | Y23: =_xlfn.XLOOKUP(P23,$AN$2:$AN$19,$AO$2:$AO$19,0) -> 0 | Z23: =_xlfn.XLOOKUP(O23,$AN$2:$AN$19,$AO$2:$AO$19,0) -> 2 | AA23: =_xlfn.XLOOKUP(Q23,$AN$2:$AN$19,$AO$2:$AO$19,0) -> 2 | AB23: =SUM(W23:AA23) -> 7 | AC23: =IF(AB23>=7,"High", IF(AB23>=4,"Medium","Low")) -> High | AD23: =IF(AB23>=$AK$2,"Yes","No") -> No | AE23: =IF(AD23="Yes",1,0) -> 0 | AF23: =_xlfn.XLOOKUP(AB23, '3.3 Calibration'!$A$2:$A$14, '3.3 Calibration'!$F$2:$F$14, '3.3 Calibration'!$D$2, 1) -> 0.54166667 | AG23: =IF(AF23 >= 0.5, "Yes", "No") -> Yes | AH23: =IF(AF23>=0.6,"High", IF(AF23>=0.4,"Medium","Low")) -> Medium | AI23: =IF(AH23="High",N23,NA()) -> #N/A
A24: 23 | B24: 55 | C24: Male | D24: 52 | E24: 78.51 | F24: 1-Year | G24: Credit Card | H24: 0 | I24: 51.2 | J24: 9 | K24: 4026.17 | L24: 1 | M24: Train | N24: =IF(D24<6,"<6", IF(D24<12,"6-12", IF(D24<24,"12-24",">=24"))) -> >=24 | O24: =IF(E24<30,"<30", IF(E24<60,"30-60", IF(E24<90,"60-90",">=90"))) -> 60-90 | P24: =IF(J24<4,"1-3", IF(J24<7,"4-6","7-10")) -> 7-10 | Q24: =IF(I24<20,"<20", IF(I24<40,"20-40", IF(I24<80,"40-80",">=80"))) -> 40-80 | R24: ="ContractType|"&F24 -> ContractType|1-Year | S24: ="Tenure_Bin|"&N24 -> Tenure_Bin|>=24 | T24: ="Satis_Bin|"&P24 -> Satis_Bin|7-10 | U24: ="Monthly_Bin|"&O24 -> Monthly_Bin|60-90 | V24: ="Usage_Bin|"&Q24 -> Usage_Bin|40-80 | W24: =_xlfn.XLOOKUP(R24,$AN$2:$AN$19,$AO$2:$AO$19,0) -> 1 | X24: =_xlfn.XLOOKUP(N24,$AN$2:$AN$19,$AO$2:$AO$19,0) -> 0 | Y24: =_xlfn.XLOOKUP(P24,$AN$2:$AN$19,$AO$2:$AO$19,0) -> 0 | Z24: =_xlfn.XLOOKUP(O24,$AN$2:$AN$19,$AO$2:$AO$19,0) -> 1 | AA24: =_xlfn.XLOOKUP(Q24,$AN$2:$AN$19,$AO$2:$AO$19,0) -> 0 | AB24: =SUM(W24:AA24) -> 2 | AC24: =IF(AB24>=7,"High", IF(AB24>=4,"Medium","Low")) -> Low | AD24: =IF(AB24>=$AK$2,"Yes","No") -> No | AE24: =IF(AD24="Yes",1,0) -> 0 | AF24: =_xlfn.XLOOKUP(AB24, '3.3 Calibration'!$A$2:$A$14, '3.3 Calibration'!$F$2:$F$14, '3.3 Calibration'!$D$2, 1) -> 0.6 | AG24: =IF(AF24 >= 0.5, "Yes", "No") -> Yes | AH24: =IF(AF24>=0.6,"High", IF(AF24>=0.4,"Medium","Low")) -> High | AI24: =IF(AH24="High",N24,NA()) -> >=24
A25: 24 | B25: 19 | C25: Male | D25: 16 | E25: 92.61 | F25: 2-Year | G25: Bank Transfer | H25: 1 | I25: 61.9 | J25: 6 | K25: 1428.08 | L25: 0 | M25: Train | N25: =IF(D25<6,"<6", IF(D25<12,"6-12", IF(D25<24,"12-24",">=24"))) -> 12-24 | O25: =IF(E25<30,"<30", IF(E25<60,"30-60", IF(E25<90,"60-90",">=90"))) -> >=90 | P25: =IF(J25<4,"1-3", IF(J25<7,"4-6","7-10")) -> 4-6 | Q25: =IF(I25<20,"<20", IF(I25<40,"20-40", IF(I25<80,"40-80",">=80"))) -> 40-80 | R25: ="ContractType|"&F25 -> ContractType|2-Year | S25: ="Tenure_Bin|"&N25 -> Tenure_Bin|12-24 | T25: ="Satis_Bin|"&P25 -> Satis_Bin|4-6 | U25: ="Monthly_Bin|"&O25 -> Monthly_Bin|>=90 | V25: ="Usage_Bin|"&Q25 -> Usage_Bin|40-80 | W25: =_xlfn.XLOOKUP(R25,$AN$2:$AN$19,$AO$2:$AO$19,0) -> 0 | X25: =_xlfn.XLOOKUP(N25,$AN$2:$AN$19,$AO$2:$AO$19,0) -> 1 | Y25: =_xlfn.XLOOKUP(P25,$AN$2:$AN$19,$AO$2:$AO$19,0) -> 2 | Z25: =_xlfn.XLOOKUP(O25,$AN$2:$AN$19,$AO$2:$AO$19,0) -> 2 | AA25: =_xlfn.XLOOKUP(Q25,$AN$2:$AN$19,$AO$2:$AO$19,0) -> 0 | AB25: =SUM(W25:AA25) -> 5 | AC25: =IF(AB25>=7,"High", IF(AB25>=4,"Medium","Low")) -> Medium | AD25: =IF(AB25>=$AK$2,"Yes","No") -> No | AE25: =IF(AD25="Yes",1,0) -> 0 | AF25: =_xlfn.XLOOKUP(AB25, '3.3 Calibration'!$A$2:$A$14, '3.3 Calibration'!$F$2:$F$14, '3.3 Calibration'!$D$2, 1) -> 0.33333333 | AG25: =IF(AF25 >= 0.5, "Yes", "No") -> No | AH25: =IF(AF25>=0.6,"High", IF(AF25>=0.4,"Medium","Low")) -> Low | AI25: =IF(AH25="High",N25,NA()) -> #N/A
A26: 25 | B26: 38 | C26: Female | D26: 13 | E26: 95.71 | F26: Month-to-Month | G26: PayPal | H26: 1 | I26: 62.2 | J26: 5 | K26: 1264.68 | L26: 0 | M26: Test | N26: =IF(D26<6,"<6", IF(D26<12,"6-12", IF(D26<24,"12-24",">=24"))) -> 12-24 | O26: =IF(E26<30,"<30", IF(E26<60,"30-60", IF(E26<90,"60-90",">=90"))) -> >=90 | P26: =IF(J26<4,"1-3", IF(J26<7,"4-6","7-10")) -> 4-6 | Q26: =IF(I26<20,"<20", IF(I26<40,"20-40", IF(I26<80,"40-80",">=80"))) -> 40-80 | R26: ="ContractType|"&F26 -> ContractType|Month-to-Month | S26: ="Tenure_Bin|"&N26 -> Tenure_Bin|12-24 | T26: ="Satis_Bin|"&P26 -> Satis_Bin|4-6 | U26: ="Monthly_Bin|"&O26 -> Monthly_Bin|>=90 | V26: ="Usage_Bin|"&Q26 -> Usage_Bin|40-80 | W26: =_xlfn.XLOOKUP(R26,$AN$2:$AN$19,$AO$2:$AO$19,0) -> 3 | X26: =_xlfn.XLOOKUP(N26,$AN$2:$AN$19,$AO$2:$AO$19,0) -> 1 | Y26: =_xlfn.XLOOKUP(P26,$AN$2:$AN$19,$AO$2:$AO$19,0) -> 2 | Z26: =_xlfn.XLOOKUP(O26,$AN$2:$AN$19,$AO$2:$AO$19,0) -> 2 | AA26: =_xlfn.XLOOKUP(Q26,$AN$2:$AN$19,$AO$2:$AO$19,0) -> 0 | AB26: =SUM(W26:AA26) -> 8 | AC26: =IF(AB26>=7,"High", IF(AB26>=4,"Medium","Low")) -> High | AD26: =IF(AB26>=$AK$2,"Yes","No") -> No | AE26: =IF(AD26="Yes",1,0) -> 0 | AF26: =_xlfn.XLOOKUP(AB26, '3.3 Calibration'!$A$2:$A$14, '3.3 Calibration'!$F$2:$F$14, '3.3 Calibration'!$D$2, 1) -> 0.73684211 | AG26: =IF(AF26 >= 0.5, "Yes", "No") -> Yes | AH26: =IF(AF26>=0.6,"High", IF(AF26>=0.4,"Medium","Low")) -> High | AI26: =IF(AH26="High",N26,NA()) -> 12-24
A27: 26 | B27: 50 | C27: Female | D27: 30 | E27: 57.79 | F27: Month-to-Month | G27: Bank Transfer | H27: 4 | I27: 7.2 | J27: 3 | K27: 1689.03 | L27: 0 | M27: Test | N27: =IF(D27<6,"<6", IF(D27<12,"6-12", IF(D27<24,"12-24",">=24"))) -> >=24 | O27: =IF(E27<30,"<30", IF(E27<60,"30-60", IF(E27<90,"60-90",">=90"))) -> 30-60 | P27: =IF(J27<4,"1-3", IF(J27<7,"4-6","7-10")) -> 1-3 | Q27: =IF(I27<20,"<20", IF(I27<40,"20-40", IF(I27<80,"40-80",">=80"))) -> <20 | R27: ="ContractType|"&F27 -> ContractType|Month-to-Month | S27: ="Tenure_Bin|"&N27 -> Tenure_Bin|>=24 | T27: ="Satis_Bin|"&P27 -> Satis_Bin|1-3 | U27: ="Monthly_Bin|"&O27 -> Monthly_Bin|30-60 | V27: ="Usage_Bin|"&Q27 -> Usage_Bin|<20 | W27: =_xlfn.XLOOKUP(R27,$AN$2:$AN$19,$AO$2:$AO$19,0) -> 3 | X27: =_xlfn.XLOOKUP(N27,$AN$2:$AN$19,$AO$2:$AO$19,0) -> 0 | Y27: =_xlfn.XLOOKUP(P27,$AN$2:$AN$19,$AO$2:$AO$19,0) -> 4 | Z27: =_xlfn.XLOOKUP(O27,$AN$2:$AN$19,$AO$2:$AO$19,0) -> 0 | AA27: =_xlfn.XLOOKUP(Q27,$AN$2:$AN$19,$AO$2:$AO$19,0) -> 2 | AB27: =SUM(W27:AA27) -> 9 | AC27: =IF(AB27>=7,"High", IF(AB27>=4,"Medium","Low")) -> High | AD27: =IF(AB27>=$AK$2,"Yes","No") -> No | AE27: =IF(AD27="Yes",1,0) -> 0 | AF27: =_xlfn.XLOOKUP(AB27, '3.3 Calibration'!$A$2:$A$14, '3.3 Calibration'!$F$2:$F$14, '3.3 Calibration'!$D$2, 1) -> 0.54545455 | AG27: =IF(AF27 >= 0.5, "Yes", "No") -> Yes | AH27: =IF(AF27>=0.6,"High", IF(AF27>=0.4,"Medium","Low")) -> Medium | AI27: =IF(AH27="High",N27,NA()) -> #N/A
A28: 27 | B28: 29 | C28: Male | D28: 19 | E28: 44.11 | F28: Month-to-Month | G28: PayPal | H28: 1 | I28: 35.6 | J28: 9 | K28: 855.03 | L28: 0 | M28: Train | N28: =IF(D28<6,"<6", IF(D28<12,"6-12", IF(D28<24,"12-24",">=24"))) -> 12-24 | O28: =IF(E28<30,"<30", IF(E28<60,"30-60", IF(E28<90,"60-90",">=90"))) -> 30-60 | P28: =IF(J28<4,"1-3", IF(J28<7,"4-6","7-10")) -> 7-10 | Q28: =IF(I28<20,"<20", IF(I28<40,"20-40", IF(I28<80,"40-80",">=80"))) -> 20-40 | R28: ="ContractType|"&F28 -> ContractType|Month-to-Month | S28: ="Tenure_Bin|"&N28 -> Tenure_Bin|12-24 | T28: ="Satis_Bin|"&P28 -> Satis_Bin|7-10 | U28: ="Monthly_Bin|"&O28 -> Monthly_Bin|30-60 | V28: ="Usage_Bin|"&Q28 -> Usage_Bin|20-40 | W28: =_xlfn.XLOOKUP(R28,$AN$2:$AN$19,$AO$2:$AO$19,0) -> 3 | X28: =_xlfn.XLOOKUP(N28,$AN$2:$AN$19,$AO$2:$AO$19,0) -> 1 | Y28: =_xlfn.XLOOKUP(P28,$AN$2:$AN$19,$AO$2:$AO$19,0) -> 0 | Z28: =_xlfn.XLOOKUP(O28,$AN$2:$AN$19,$AO$2:$AO$19,0) -> 0 | AA28: =_xlfn.XLOOKUP(Q28,$AN$2:$AN$19,$AO$2:$AO$19,0) -> 1 | AB28: =SUM(W28:AA28) -> 5 | AC28: =IF(AB28>=7,"High", IF(AB28>=4,"Medium","Low")) -> Medium | AD28: =IF(AB28>=$AK$2,"Yes","No") -> No | AE28: =IF(AD28="Yes",1,0) -> 0 | AF28: =_xlfn.XLOOKUP(AB28, '3.3 Calibration'!$A$2:$A$14, '3.3 Calibration'!$F$2:$F$14, '3.3 Calibration'!$D$2, 1) -> 0.33333333 | AG28: =IF(AF28 >= 0.5, "Yes", "No") -> No | AH28: =IF(AF28>=0.6,"High", IF(AF28>=0.4,"Medium","Low")) -> Low | AI28: =IF(AH28="High",N28,NA()) -> #N/A
A29: 28 | B29: 39 | C29: Female | D29: 17 | E29: 40.5 | F29: Month-to-Month | G29: PayPal | H29: 2 | I29: 65.5 | J29: 5 | K29: 716.81 | L29: 0 | M29: Train | N29: =IF(D29<6,"<6", IF(D29<12,"6-12", IF(D29<24,"12-24",">=24"))) -> 12-24 | O29: =IF(E29<30,"<30", IF(E29<60,"30-60", IF(E29<90,"60-90",">=90"))) -> 30-60 | P29: =IF(J29<4,"1-3", IF(J29<7,"4-6","7-10")) -> 4-6 | Q29: =IF(I29<20,"<20", IF(I29<40,"20-40", IF(I29<80,"40-80",">=80"))) -> 40-80 | R29: ="ContractType|"&F29 -> ContractType|Month-to-Month | S29: ="Tenure_Bin|"&N29 -> Tenure_Bin|12-24 | T29: ="Satis_Bin|"&P29 -> Satis_Bin|4-6 | U29: ="Monthly_Bin|"&O29 -> Monthly_Bin|30-60 | V29: ="Usage_Bin|"&Q29 -> Usage_Bin|40-80 | W29: =_xlfn.XLOOKUP(R29,$AN$2:$AN$19,$AO$2:$AO$19,0) -> 3 | X29: =_xlfn.XLOOKUP(N29,$AN$2:$AN$19,$AO$2:$AO$19,0) -> 1 | Y29: =_xlfn.XLOOKUP(P29,$AN$2:$AN$19,$AO$2:$AO$19,0) -> 2 | Z29: =_xlfn.XLOOKUP(O29,$AN$2:$AN$19,$AO$2:$AO$19,0) -> 0 | AA29: =_xlfn.XLOOKUP(Q29,$AN$2:$AN$19,$AO$2:$AO$19,0) -> 0 | AB29: =SUM(W29:AA29) -> 6 | AC29: =IF(AB29>=7,"High", IF(AB29>=4,"Medium","Low")) -> Medium | AD29: =IF(AB29>=$AK$2,"Yes","No") -> No | AE29: =IF(AD29="Yes",1,0) -> 0 | AF29: =_xlfn.XLOOKUP(AB29, '3.3 Calibration'!$A$2:$A$14, '3.3 Calibration'!$F$2:$F$14, '3.3 Calibration'!$D$2, 1) -> 0.33333333 | AG29: =IF(AF29 >= 0.5, "Yes", "No") -> No | AH29: =IF(AF29>=0.6,"High", IF(AF29>=0.4,"Medium","Low")) -> Low | AI29: =IF(AH29="High",N29,NA()) -> #N/A
A30: 29 | B30: 61 | C30: Male | D30: 63 | E30: 45.14 | F30: 1-Year | G30: Bank Transfer | H30: 1 | I30: 19.2 | J30: 5 | K30: 2950.98 | L30: 0 | M30: Train | N30: =IF(D30<6,"<6", IF(D30<12,"6-12", IF(D30<24,"12-24",">=24"))) -> >=24 | O30: =IF(E30<30,"<30", IF(E30<60,"30-60", IF(E30<90,"60-90",">=90"))) -> 30-60 | P30: =IF(J30<4,"1-3", IF(J30<7,"4-6","7-10")) -> 4-6 | Q30: =IF(I30<20,"<20", IF(I30<40,"20-40", IF(I30<80,"40-80",">=80"))) -> <20 | R30: ="ContractType|"&F30 -> ContractType|1-Year | S30: ="Tenure_Bin|"&N30 -> Tenure_Bin|>=24 | T30: ="Satis_Bin|"&P30 -> Satis_Bin|4-6 | U30: ="Monthly_Bin|"&O30 -> Monthly_Bin|30-60 | V30: ="Usage_Bin|"&Q30 -> Usage_Bin|<20 | W30: =_xlfn.XLOOKUP(R30,$AN$2:$AN$19,$AO$2:$AO$19,0) -> 1 | X30: =_xlfn.XLOOKUP(N30,$AN$2:$AN$19,$AO$2:$AO$19,0) -> 0 | Y30: =_xlfn.XLOOKUP(P30,$AN$2:$AN$19,$AO$2:$AO$19,0) -> 2 | Z30: =_xlfn.XLOOKUP(O30,$AN$2:$AN$19,$AO$2:$AO$19,0) -> 0 | AA30: =_xlfn.XLOOKUP(Q30,$AN$2:$AN$19,$AO$2:$AO$19,0) -> 2 | AB30: =SUM(W30:AA30) -> 5 | AC30: =IF(AB30>=7,"High", IF(AB30>=4,"Medium","Low")) -> Medium | AD30: =IF(AB30>=$AK$2,"Yes","No") -> No | AE30: =IF(AD30="Yes",1,0) -> 0 | AF30: =_xlfn.XLOOKUP(AB30, '3.3 Calibration'!$A$2:$A$14, '3.3 Calibration'!$F$2:$F$14, '3.3 Calibration'!$D$2, 1) -> 0.33333333 | AG30: =IF(AF30 >= 0.5, "Yes", "No") -> No | AH30: =IF(AF30>=0.6,"High", IF(AF30>=0.4,"Medium","Low")) -> Low | AI30: =IF(AH30="High",N30,NA()) -> #N/A
A31: 30 | B31: 42 | C31: Male | D31: 19 | E31: 47.47 | F31: 2-Year | G31: PayPal | H31: 1 | I31: 71.1 | J31: 4 | K31: 879.3 | L31: 1 | M31: Train | N31: =IF(D31<6,"<6", IF(D31<12,"6-12", IF(D31<24,"12-24",">=24"))) -> 12-24 | O31: =IF(E31<30,"<30", IF(E31<60,"30-60", IF(E31<90,"60-90",">=90"))) -> 30-60 | P31: =IF(J31<4,"1-3", IF(J31<7,"4-6","7-10")) -> 4-6 | Q31: =IF(I31<20,"<20", IF(I31<40,"20-40", IF(I31<80,"40-80",">=80"))) -> 40-80 | R31: ="ContractType|"&F31 -> ContractType|2-Year | S31: ="Tenure_Bin|"&N31 -> Tenure_Bin|12-24 | T31: ="Satis_Bin|"&P31 -> Satis_Bin|4-6 | U31: ="Monthly_Bin|"&O31 -> Monthly_Bin|30-60 | V31: ="Usage_Bin|"&Q31 -> Usage_Bin|40-80 | W31: =_xlfn.XLOOKUP(R31,$AN$2:$AN$19,$AO$2:$AO$19,0) -> 0 | X31: =_xlfn.XLOOKUP(N31,$AN$2:$AN$19,$AO$2:$AO$19,0) -> 1 | Y31: =_xlfn.XLOOKUP(P31,$AN$2:$AN$19,$AO$2:$AO$19,0) -> 2 | Z31: =_xlfn.XLOOKUP(O31,$AN$2:$AN$19,$AO$2:$AO$19,0) -> 0 | AA31: =_xlfn.XLOOKUP(Q31,$AN$2:$AN$19,$AO$2:$AO$19,0) -> 0 | AB31: =SUM(W31:AA31) -> 3 | AC31: =IF(AB31>=7,"High", IF(AB31>=4,"Medium","Low")) -> Low | AD31: =IF(AB31>=$AK$2,"Yes","No") -> No | AE31: =IF(AD31="Yes",1,0) -> 0 | AF31: =_xlfn.XLOOKUP(AB31, '3.3 Calibration'!$A$2:$A$14, '3.3 Calibration'!$F$2:$F$14, '3.3 Calibration'!$D$2, 1) -> 0.42105263 | AG31: =IF(AF31 >= 0.5, "Yes", "No") -> No | AH31: =IF(AF31>=0.6,"High", IF(AF31>=0.4,"Medium","Low")) -> Medium | AI31: =IF(AH31="High",N31,NA()) -> #N/A
... A251: 250 | B251: 69 | C251: Male | D251: 66 | E251: 95.24 | F251: 1-Year | G251: Bank Transfer | H251: 5 | I251: 46.4 | J251: 9 | K251: 6712.45 | L251: 0 | M251: Test | N251: =IF(D251<6,"<6", IF(D251<12,"6-12", IF(D251<24,"12-24",">=24"))) -> >=24 | O251: =IF(E251<30,"<30", IF(E251<60,"30-60", IF(E251<90,"60-90",">=90"))) -> >=90 | P251: =IF(J251<4,"1-3", IF(J251<7,"4-6","7-10")) -> 7-10 | Q251: =IF(I251<20,"<20", IF(I251<40,"20-40", IF(I251<80,"40-80",">=80"))) -> 40-80 | R251: ="ContractType|"&F251 -> ContractType|1-Year | S251: ="Tenure_Bin|"&N251 -> Tenure_Bin|>=24 | T251: ="Satis_Bin|"&P251 -> Satis_Bin|7-10 | U251: ="Monthly_Bin|"&O251 -> Monthly_Bin|>=90 | V251: ="Usage_Bin|"&Q251 -> Usage_Bin|40-80 | W251: =_xlfn.XLOOKUP(R251,$AN$2:$AN$19,$AO$2:$AO$19,0) -> 1 | X251: =_xlfn.XLOOKUP(N251,$AN$2:$AN$19,$AO$2:$AO$19,0) -> 0 | Y251: =_xlfn.XLOOKUP(P251,$AN$2:$AN$19,$AO$2:$AO$19,0) -> 0 | Z251: =_xlfn.XLOOKUP(O251,$AN$2:$AN$19,$AO$2:$AO$19,0) -> 2 | AA251: =_xlfn.XLOOKUP(Q251,$AN$2:$AN$19,$AO$2:$AO$19,0) -> 0 | AB251: =SUM(W251:AA251) -> 3 | AC251: =IF(AB251>=7,"High", IF(AB251>=4,"Medium","Low")) -> Low | AD251: =IF(AB251>=$AK$2,"Yes","No") -> No | AE251: =IF(AD251="Yes",1,0) -> 0 | AF251: =_xlfn.XLOOKUP(AB251, '3.3 Calibration'!$A$2:$A$14, '3.3 Calibration'!$F$2:$F$14, '3.3 Calibration'!$D$2, 1) -> 0.42105263 | AG251: =IF(AF251 >= 0.5, "Yes", "No") -> No | AH251: =IF(AF251>=0.6,"High", IF(AF251>=0.4,"Medium","Low")) -> Medium | AI251: =IF(AH251="High",N251,NA()) -> #N/A
AG252: =IF(AF252 >= 0.5, "Yes", "No") -> No | AH252: =IF(AF252>=0.6,"High", IF(AF252>=0.4,"Medium","Low")) -> Low | AI252: =IF(AH252="High",N252,NA()) -> #N/A
AG253: =IF(AF253 >= 0.5, "Yes", "No") -> No | AH253: =IF(AF253>=0.6,"High", IF(AF253>=0.4,"Medium","Low")) -> Low | AI253: =IF(AH253="High",N253,NA()) -> #N/A
AG254: =IF(AF254 >= 0.5, "Yes", "No") -> No | AH254: =IF(AF254>=0.6,"High", IF(AF254>=0.4,"Medium","Low")) -> Low | AI254: =IF(AH254="High",N254,NA()) -> #N/A
AG255: =IF(AF255 >= 0.5, "Yes", "No") -> No | AH255: =IF(AF255>=0.6,"High", IF(AF255>=0.4,"Medium","Low")) -> Low | AI255: =IF(AH255="High",N255,NA()) -> #N/A
AG256: =IF(AF256 >= 0.5, "Yes", "No") -> No | AH256: =IF(AF256>=0.6,"High", IF(AF256>=0.4,"Medium","Low")) -> Low | AI256: =IF(AH256="High",N256,NA()) -> #N/A
AG257: =IF(AF257 >= 0.5, "Yes", "No") -> No | AH257: =IF(AF257>=0.6,"High", IF(AF257>=0.4,"Medium","Low")) -> Low | AI257: =IF(AH257="High",N257,NA()) -> #N/A
AG258: =IF(AF258 >= 0.5, "Yes", "No") -> No | AH258: =IF(AF258>=0.6,"High", IF(AF258>=0.4,"Medium","Low")) -> Low | AI258: =IF(AH258="High",N258,NA()) -> #N/A
AG259: =IF(AF259 >= 0.5, "Yes", "No") -> No | AH259: =IF(AF259>=0.6,"High", IF(AF259>=0.4,"Medium","Low")) -> Low | AI259: =IF(AH259="High",N259,NA()) -> #N/A
AG260: =IF(AF260 >= 0.5, "Yes", "No") -> No | AH260: =IF(AF260>=0.6,"High", IF(AF260>=0.4,"Medium","Low")) -> Low | AI260: =IF(AH260="High",N260,NA()) -> #N/A
AG261: =IF(AF261 >= 0.5, "Yes", "No") -> No | AH261: =IF(AF261>=0.6,"High", IF(AF261>=0.4,"Medium","Low")) -> Low | AI261: =IF(AH261="High",N261,NA()) -> #N/A
AG262: =IF(AF262 >= 0.5, "Yes", "No") -> No | AH262: =IF(AF262>=0.6,"High", IF(AF262>=0.4,"Medium","Low")) -> Low | AI262: =IF(AH262="High",N262,NA()) -> #N/A
AG263: =IF(AF263 >= 0.5, "Yes", "No") -> No | AH263: =IF(AF263>=0.6,"High", IF(AF263>=0.4,"Medium","Low")) -> Low | AI263: =IF(AH263="High",N263,NA()) -> #N/A
... AG749: =IF(AF749 >= 0.5, "Yes", "No") -> No | AH749: =IF(AF749>=0.6,"High", IF(AF749>=0.4,"Medium","Low")) -> Low | AI749: =IF(AH749="High",N749,NA()) -> #N/A

Sheet 2.1 Regression
A1: Age | B1: Tenure | C1: MonthlyCharges | D1: SupportTickets | E1: ServiceUsage | F1: SatisfactionScore | G1: TotalSpend | H1: Churn
A2: 56 | B2: 58 | C2: 28.27 | D2: 2 | E2: 52.7 | F2: 6 | G2: 1614.09 | H2: 1
A3: 69 | B3: 63 | C3: 107.67 | D3: 1 | E3: 16.8 | F3: 1 | G3: 6505.15 | H3: 1 | J3: SUMMARY OUTPUT
A4: 46 | B4: 62 | C4: 75.16 | D4: 1 | E4: 41.6 | F4: 5 | G4: 4646.87 | H4: 0
A5: 32 | B5: 22 | C5: 36.48 | D5: 1 | E5: 66.1 | F5: 3 | G5: 814.95 | H5: 1 | J5: Regression Statistics
A6: 60 | B6: 58 | C6: 61.13 | D6: 3 | E6: 79.1 | F6: 1 | G6: 3222 | H6: 1 | J6: Multiple R | K6: 0.30281581
A7: 25 | B7: 58 | C7: 97.76 | D7: 2 | E7: 25.6 | F7: 4 | G7: 5242.56 | H7: 1 | J7: R Square | K7: 0.091697415
A8: 38 | B8: 49 | C8: 68.04 | D8: 2 | E8: 18.1 | F8: 2 | G8: 3373.06 | H8: 1 | J8: Adjusted R Square | K8: 0.0654242
A9: 56 | B9: 52 | C9: 118.53 | D9: 3 | E9: 68 | F9: 2 | G9: 5970.23 | H9: 0 | J9: Standard Error | K9: 0.48357691
A10: 36 | B10: 42 | C10: 57.67 | D10: 0 | E10: 5.2 | F10: 3 | G10: 2533.16 | H10: 1 | J10: Observations | K10: 250
A11: 40 | B11: 70 | C11: 94.96 | D11: 5 | E11: 21.9 | F11: 8 | G11: 6849.66 | H11: 0
A12: 28 | B12: 15 | C12: 59.3 | D12: 1 | E12: 7.8 | F12: 8 | G12: 950.98 | H12: 0 | J12: ANOVA
A13: 28 | B13: 54 | C13: 102.92 | D13: 3 | E13: 20.9 | F13: 7 | G13: 5771.64 | H13: 0 | K13: df | L13: SS | M13: MS | N13: F | O13: Significance F
A14: 41 | B14: 60 | C14: 76.91 | D14: 0 | E14: 22.2 | F14: 6 | G14: 4549.93 | H14: 0 | J14: Regression | K14: 7 | L14: 5.7131157 | M14: 0.81615939 | N14: 3.4901482 | O14: 0.001387096
A15: 53 | B15: 8 | C15: 26.35 | D15: 1 | E15: 41.8 | F15: 9 | G15: 218.09 | H15: 1 | J15: Residual | K15: 242 | L15: 56.590884 | M15: 0.23384663
A16: 57 | B16: 53 | C16: 23.68 | D16: 1 | E16: 43.2 | F16: 4 | G16: 1198.66 | H16: 0 | J16: Total | K16: 249 | L16: 62.304
A17: 41 | B17: 60 | C17: 33.39 | D17: 3 | E17: 88.1 | F17: 1 | G17: 1925.79 | H17: 1
A18: 20 | B18: 5 | C18: 21.37 | D18: 3 | E18: 53.5 | F18: 8 | G18: 113.03 | H18: 0 | K18: Coefficients | L18: Standard Error | M18: t Stat | N18: P-value | O18: Lower 95% | P18: Upper 95% | Q18: Lower 95.0% | R18: Upper 95.0%
A19: 39 | B19: 68 | C19: 27.54 | D19: 2 | E19: 73.7 | F19: 7 | G19: 1852.65 | H19: 0 | J19: Intercept | K19: 0.602082 | L19: 0.19975633 | M19: 3.0140823 | N19: 0.0028517499 | O19: 0.20859896 | P19: 0.99556503 | Q19: 0.20859896 | R19: 0.99556503
A20: 19 | B20: 6 | C20: 89.17 | D20: 6 | E20: 14.9 | F20: 7 | G20: 566.95 | H20: 1 | J20: Age | K20: -0.0011302138 | L20: 0.0020599581 | M20: -0.54865865 | N20: 0.58374555 | O20: -0.0051879505 | P20: 0.0029275228 | Q20: -0.0051879505 | R20: 0.0029275228
A21: 41 | B21: 47 | C21: 73.43 | D21: 3 | E21: 26.4 | F21: 3 | G21: 3673.76 | H21: 1 | J21: Tenure | K21: 0.0028360258 | L21: 0.0039532711 | M21: 0.71738713 | N21: 0.47382713 | O21: -0.0049511875 | P21: 0.010623239 | Q21: -0.0049511875 | R21: 0.010623239
A22: 61 | B22: 55 | C22: 94.99 | D22: 4 | E22: 71.8 | F22: 4 | G22: 5598.06 | H22: 0 | J22: MonthlyCharges | K22: 0.0018064253 | L22: 0.0021306508 | M22: 0.84782795 | N22: 0.39737155 | O22: -0.0023905629 | P22: 0.0060034135 | Q22: -0.0023905629 | R22: 0.0060034135
A23: 47 | B23: 40 | C23: 111.32 | D23: 1 | E23: 10 | F23: 10 | G23: 4823.84 | H23: 1 | J23: SupportTickets | K23: -0.0077821511 | L23: 0.023086421 | M23: -0.33708781 | N23: 0.73634287 | O23: -0.053258133 | P23: 0.03769383 | Q23: -0.053258133 | R23: 0.03769383
A24: 55 | B24: 52 | C24: 78.51 | D24: 0 | E24: 51.2 | F24: 9 | G24: 4026.17 | H24: 1 | J24: ServiceUsage | K24: 0.0019819795 | L24: 0.0011169201 | M24: 1.7745042 | N24: 0.077236963 | O24: -0.00021814668 | P24: 0.0041821057 | Q24: -0.00021814668 | R24: 0.0041821057
A25: 19 | B25: 16 | C25: 92.61 | D25: 1 | E25: 61.9 | F25: 6 | G25: 1428.08 | H25: 0 | J25: SatisfactionScore | K25: -0.04407049 | L25: 0.01089867 | M25: -4.0436577 | N25: 7.0776475e-05 | O25: -0.065538854 | P25: -0.022602125 | Q25: -0.065538854 | R25: -0.022602125
A26: 38 | B26: 13 | C26: 95.71 | D26: 1 | E26: 62.2 | F26: 5 | G26: 1264.68 | H26: 0 | J26: TotalSpend | K26: -6.3935698e-05 | L26: 5.1823786e-05 | M26: -1.2337134 | N26: 0.21850658 | O26: -0.00016601898 | P26: 3.8147579e-05 | Q26: -0.00016601898 | R26: 3.8147579e-05
A27: 50 | B27: 30 | C27: 57.79 | D27: 4 | E27: 7.2 | F27: 3 | G27: 1689.03 | H27: 0
A28: 29 | B28: 19 | C28: 44.11 | D28: 1 | E28: 35.6 | F28: 9 | G28: 855.03 | H28: 0
A29: 39 | B29: 17 | C29: 40.5 | D29: 2 | E29: 65.5 | F29: 5 | G29: 716.81 | H29: 0
A30: 61 | B30: 63 | C30: 45.14 | D30: 1 | E30: 19.2 | F30: 5 | G30: 2950.98 | H30: 0 | K30: Age | L30: Tenure | M30: MonthlyCharges | N30: SupportTickets | O30: ServiceUsage | P30: SatisfactionScore | Q30: TotalSpend | R30: Churn
A31: 42 | B31: 19 | C31: 47.47 | D31: 1 | E31: 71.1 | F31: 4 | G31: 879.3 | H31: 1 | J31: Age | K31: 1
A32: 66 | B32: 58 | C32: 40.72 | D32: 2 | E32: 75.9 | F32: 4 | G32: 2204.4 | H32: 1 | J32: Tenure | K32: 0.14689271 | L32: 1
A33: 44 | B33: 55 | C33: 107.82 | D33: 2 | E33: 98.3 | F33: 1 | G33: 5847.71 | H33: 0 | J33: MonthlyCharges | K33: 0.053954113 | L33: -0.0061242558 | M33: 1
A34: 59 | B34: 62 | C34: 95.7 | D34: 4 | E34: 24.9 | F34: 7 | G34: 5509.27 | H34: 0 | J34: SupportTickets | K34: -0.079744087 | L34: 0.18350683 | M34: 0.088981326 | N34: 1
A35: 45 | B35: 23 | C35: 24.69 | D35: 5 | E35: 83.4 | F35: 9 | G35: 612.17 | H35: 1 | J35: ServiceUsage | K35: 0.12177667 | L35: 0.0086782237 | M35: -0.073505396 | N35: 0.048312037 | O35: 1
A36: 33 | B36: 9 | C36: 46.87 | D36: 0 | E36: 54.4 | F36: 3 | G36: 408.83 | H36: 1 | J36: SatisfactionScore | K36: -0.01934497 | L36: 0.092591523 | M36: -0.087628608 | N36: 0.025787339 | O36: -0.0027606005 | P36: 1
A37: 32 | B37: 12 | C37: 22.22 | D37: 1 | E37: 40.5 | F37: 2 | G37: 248.21 | H37: 0 | J37: TotalSpend | K37: 0.13928475 | L37: 0.78187454 | M37: 0.52987461 | N37: 0.21223924 | O37: -0.05183902 | P37: 0.029912521 | Q37: 1
A38: 64 | B38: 1 | C38: 69.82 | D38: 1 | E38: 16.6 | F38: 3 | G38: 63.19 | H38: 0 | J38: Churn | K38: -0.024970367 | L38: -0.10016428 | M38: -0.014899159 | N38: -0.039512828 | O38: 0.11168543 | P38: -0.25523745 | Q38: -0.11437044 | R38: 1
A39: 68 | B39: 58 | C39: 67.62 | D39: 3 | E39: 74.9 | F39: 1 | G39: 4036.34 | H39: 0
A40: 61 | B40: 1 | C40: 103.14 | D40: 2 | E40: 27.4 | F40: 6 | G40: 105.96 | H40: 1
A41: 69 | B41: 34 | C41: 50.78 | D41: 2 | E41: 40.3 | F41: 7 | G41: 1671.48 | H41: 0 | J41: =CORREL(F2:F251, H2:H251) -> -0.25523745
A42: 20 | B42: 48 | C42: 101.64 | D42: 3 | E42: 10.9 | F42: 2 | G42: 4460.82 | H42: 1
A43: 54 | B43: 1 | C43: 116.8 | D43: 0 | E43: 81.1 | F43: 8 | G43: 114.69 | H43: 1
A44: 68 | B44: 16 | C44: 28.84 | D44: 2 | E44: 77.8 | F44: 6 | G44: 444.02 | H44: 1
A45: 24 | B45: 61 | C45: 99.18 | D45: 4 | E45: 74.7 | F45: 4 | G45: 6264.3 | H45: 0
A46: 38 | B46: 64 | C46: 79 | D46: 5 | E46: 33.4 | F46: 5 | G46: 5162.96 | H46: 1
A47: 26 | B47: 63 | C47: 68 | D47: 4 | E47: 21.5 | F47: 8 | G47: 4167.98 | H47: 0
A48: 56 | B48: 69 | C48: 62.05 | D48: 0 | E48: 65.6 | F48: 3 | G48: 4039.88 | H48: 0
A49: 35 | B49: 22 | C49: 98.47 | D49: 1 | E49: 52.1 | F49: 3 | G49: 2377.79 | H49: 1
A50: 21 | B50: 67 | C50: 83.94 | D50: 3 | E50: 21.9 | F50: 4 | G50: 5572.24 | H50: 0
A51: 42 | B51: 26 | C51: 100.5 | D51: 2 | E51: 70.2 | F51: 1 | G51: 2711.39 | H51: 1
A52: 31 | B52: 16 | C52: 110.32 | D52: 3 | E52: 99.2 | F52: 9 | G52: 1638.23 | H52: 0
A53: 67 | B53: 51 | C53: 81.73 | D53: 1 | E53: 76 | F53: 8 | G53: 4156.22 | H53: 0
... A251: 69 | B251: 66 | C251: 95.24 | D251: 5 | E251: 46.4 | F251: 9 | G251: 6712.45 | H251: 0

Sheet 2.2 Pivot Churn rate
A3: Row Labels | B3: Sum of Churn | C3: % | F3: 1-Year | G3: 0.25 | J3: Bank Transfer | K3: 0.32
A4: Bank Transfer | B4: 38 | C4: =38/GETPIVOTDATA("Churn",$A$3) -> 0.3220339 | F4: 2-Year | G4: 0.12 | J4: Credit Card | K4: 0.36
A5: Credit Card | B5: 43 | C5: =GETPIVOTDATA("Churn",$A$3,"PaymentMethod","Credit Card")/GETPIVOTDATA("Churn",$A$3) -> 0.36440678 | F5: Month to Month | G5: 0.63 | J5: Paypal | K5: 0.31
A6: PayPal | B6: 37 | C6: =GETPIVOTDATA("Churn",$A$3,"PaymentMethod","PayPal")/GETPIVOTDATA("Churn",$A$3) -> 0.31355932
A7: Grand Total | B7: 118

Sheet 3.1 Classifer
A1: CustomerID | B1: Age | C1: Gender | D1: Tenure | E1: MonthlyCharges | F1: ContractType | G1: PaymentMethod | H1: SupportTickets | I1: ServiceUsage | J1: SatisfactionScore | K1: TotalSpend | L1: Churn | M1: Split | N1: Tenure_Bin | O1: Monthly_Bin | P1: Satis_Bin | Q1: Usage_Bin | R1: Contract_Key | S1: Tenure_Key | T1: Satis_Key | U1: Monthly_Key | V1: Usage_Key | W1: Contract_Pts | X1: Tenure_Pts | Y1: Satis_Pts | Z1: Monthly_Pts | AA1: Usage_Pts | AB1: TotalScore | AC1: PredictedClass | AD1: PredictedChurn | AE1: PredFlag | AF1: PredictedProb | AG1: PredictedChurn | AH1: RiskTier
A2: 2 | B2: 69 | C2: Female | D2: 63 | E2: 107.67 | F2: 1-Year | G2: Credit Card | H2: 1 | I2: 16.8 | J2: 1 | K2: 6505.15 | L2: 1 | M2: Train | N2: >=24 | O2: >=90 | P2: 1-3 | Q2: <20 | R2: ContractType|1-Year | S2: Tenure_Bin|>=24 | T2: Satis_Bin|1-3 | U2: Monthly_Bin|>=90 | V2: Usage_Bin|<20 | W2: 1 | X2: 0 | Y2: 4 | Z2: 2 | AA2: 2 | AB2: 9 | AC2: High | AD2: No | AE2: 0 | AF2: 0.54545455 | AG2: Yes | AH2: Medium
A3: 4 | B3: 32 | C3: Male | D3: 22 | E3: 36.48 | F3: Month-to-Month | G3: PayPal | H3: 1 | I3: 66.1 | J3: 3 | K3: 814.95 | L3: 1 | M3: Train | N3: 12-24 | O3: 30-60 | P3: 1-3 | Q3: 40-80 | R3: ContractType|Month-to-Month | S3: Tenure_Bin|12-24 | T3: Satis_Bin|1-3 | U3: Monthly_Bin|30-60 | V3: Usage_Bin|40-80 | W3: 3 | X3: 1 | Y3: 4 | Z3: 0 | AA3: 0 | AB3: 8 | AC3: High | AD3: No | AE3: 0 | AF3: 0.73684211 | AG3: Yes | AH3: High
A4: 5 | B4: 60 | C4: Male | D4: 58 | E4: 61.13 | F4: 1-Year | G4: Bank Transfer | H4: 3 | I4: 79.1 | J4: 1 | K4: 3222 | L4: 1 | M4: Train | N4: >=24 | O4: 60-90 | P4: 1-3 | Q4: 40-80 | R4: ContractType|1-Year | S4: Tenure_Bin|>=24 | T4: Satis_Bin|1-3 | U4: Monthly_Bin|60-90 | V4: Usage_Bin|40-80 | W4: 1 | X4: 0 | Y4: 4 | Z4: 1 | AA4: 0 | AB4: 6 | AC4: Medium | AD4: No | AE4: 0 | AF4: 0.33333333 | AG4: No | AH4: Low
A5: 6 | B5: 25 | C5: Female | D5: 58 | E5: 97.76 | F5: Month-to-Month | G5: PayPal | H5: 2 | I5: 25.6 | J5: 4 | K5: 5242.56 | L5: 1 | M5: Train | N5: >=24 | O5: >=90 | P5: 4-6 | Q5: 20-40 | R5: ContractType|Month-to-Month | S5: Tenure_Bin|>=24 | T5: Satis_Bin|4-6 | U5: Monthly_Bin|>=90 | V5: Usage_Bin|20-40 | W5: 3 | X5: 0 | Y5: 2 | Z5: 2 | AA5: 1 | AB5: 8 | AC5: High | AD5: No | AE5: 0 | AF5: 0.73684211 | AG5: Yes | AH5: High | AM5: Row Labels | AN5: Count of CustomerID
A6: 10 | B6: 40 | C6: Female | D6: 70 | E6: 94.96 | F6: Month-to-Month | G6: Credit Card | H6: 5 | I6: 21.9 | J6: 8 | K6: 6849.66 | L6: 0 | M6: Train | N6: >=24 | O6: >=90 | P6: 7-10 | Q6: 20-40 | R6: ContractType|Month-to-Month | S6: Tenure_Bin|>=24 | T6: Satis_Bin|7-10 | U6: Monthly_Bin|>=90 | V6: Usage_Bin|20-40 | W6: 3 | X6: 0 | Y6: 0 | Z6: 2 | AA6: 1 | AB6: 6 | AC6: Medium | AD6: No | AE6: 0 | AF6: 0.33333333 | AG6: No | AH6: Low | AM6: 1-Year | AN6: 51
A7: 11 | B7: 28 | C7: Male | D7: 15 | E7: 59.3 | F7: Month-to-Month | G7: Bank Transfer | H7: 1 | I7: 7.8 | J7: 8 | K7: 950.98 | L7: 0 | M7: Train | N7: 12-24 | O7: 30-60 | P7: 7-10 | Q7: <20 | R7: ContractType|Month-to-Month | S7: Tenure_Bin|12-24 | T7: Satis_Bin|7-10 | U7: Monthly_Bin|30-60 | V7: Usage_Bin|<20 | W7: 3 | X7: 1 | Y7: 0 | Z7: 0 | AA7: 2 | AB7: 6 | AC7: Medium | AD7: No | AE7: 0 | AF7: 0.33333333 | AG7: No | AH7: Low | AM7: High | AN7: 9
A8: 13 | B8: 41 | C8: Female | D8: 60 | E8: 76.91 | F8: Month-to-Month | G8: PayPal | H8: 0 | I8: 22.2 | J8: 6 | K8: 4549.93 | L8: 0 | M8: Train | N8: >=24 | O8: 60-90 | P8: 4-6 | Q8: 20-40 | R8: ContractType|Month-to-Month | S8: Tenure_Bin|>=24 | T8: Satis_Bin|4-6 | U8: Monthly_Bin|60-90 | V8: Usage_Bin|20-40 | W8: 3 | X8: 0 | Y8: 2 | Z8: 1 | AA8: 1 | AB8: 7 | AC8: High | AD8: No | AE8: 0 | AF8: 0.54166667 | AG8: Yes | AH8: Medium | AM8: Low | AN8: 21
A9: 14 | B9: 53 | C9: Male | D9: 8 | E9: 26.35 | F9: Month-to-Month | G9: Bank Transfer | H9: 1 | I9: 41.8 | J9: 9 | K9: 218.09 | L9: 1 | M9: Train | N9: 6-12 | O9: <30 | P9: 7-10 | Q9: 40-80 | R9: ContractType|Month-to-Month | S9: Tenure_Bin|6-12 | T9: Satis_Bin|7-10 | U9: Monthly_Bin|<30 | V9: Usage_Bin|40-80 | W9: 3 | X9: 2 | Y9: 0 | Z9: 0 | AA9: 0 | AB9: 5 | AC9: Medium | AD9: No | AE9: 0 | AF9: 0.33333333 | AG9: No | AH9: Low | AM9: Medium | AN9: 21
A10: 15 | B10: 57 | C10: Male | D10: 53 | E10: 23.68 | F10: Month-to-Month | G10: PayPal | H10: 1 | I10: 43.2 | J10: 4 | K10: 1198.66 | L10: 0 | M10: Train | N10: >=24 | O10: <30 | P10: 4-6 | Q10: 40-80 | R10: ContractType|Month-to-Month | S10: Tenure_Bin|>=24 | T10: Satis_Bin|4-6 | U10: Monthly_Bin|<30 | V10: Usage_Bin|40-80 | W10: 3 | X10: 0 | Y10: 2 | Z10: 0 | AA10: 0 | AB10: 5 | AC10: Medium | AD10: No | AE10: 0 | AF10: 0.33333333 | AG10: No | AH10: Low | AM10: 2-Year | AN10: 25
A11: 16 | B11: 41 | C11: Female | D11: 60 | E11: 33.39 | F11: Month-to-Month | G11: Credit Card | H11: 3 | I11: 88.1 | J11: 1 | K11: 1925.79 | L11: 1 | M11: Train | N11: >=24 | O11: 30-60 | P11: 1-3 | Q11: >=80 | R11: ContractType|Month-to-Month | S11: Tenure_Bin|>=24 | T11: Satis_Bin|1-3 | U11: Monthly_Bin|30-60 | V11: Usage_Bin|>=80 | W11: 3 | X11: 0 | Y11: 4 | Z11: 0 | AA11: 0 | AB11: 7 | AC11: High | AD11: No | AE11: 0 | AF11: 0.54166667 | AG11: Yes | AH11: Medium | AM11: High | AN11: 3
A12: 17 | B12: 20 | C12: Female | D12: 5 | E12: 21.37 | F12: 1-Year | G12: PayPal | H12: 3 | I12: 53.5 | J12: 8 | K12: 113.03 | L12: 0 | M12: Train | N12: <6 | O12: <30 | P12: 7-10 | Q12: 40-80 | R12: ContractType|1-Year | S12: Tenure_Bin|<6 | T12: Satis_Bin|7-10 | U12: Monthly_Bin|<30 | V12: Usage_Bin|40-80 | W12: 1 | X12: 3 | Y12: 0 | Z12: 0 | AA12: 0 | AB12: 4 | AC12: Medium | AD12: No | AE12: 0 | AF12: 0.40740741 | AG12: No | AH12: Medium | AM12: Low | AN12: 10
A13: 18 | B13: 39 | C13: Male | D13: 68 | E13: 27.54 | F13: Month-to-Month | G13: Credit Card | H13: 2 | I13: 73.7 | J13: 7 | K13: 1852.65 | L13: 0 | M13: Train | N13: >=24 | O13: <30 | P13: 7-10 | Q13: 40-80 | R13: ContractType|Month-to-Month | S13: Tenure_Bin|>=24 | T13: Satis_Bin|7-10 | U13: Monthly_Bin|<30 | V13: Usage_Bin|40-80 | W13: 3 | X13: 0 | Y13: 0 | Z13: 0 | AA13: 0 | AB13: 3 | AC13: Low | AD13: No | AE13: 0 | AF13: 0.42105263 | AG13: No | AH13: Medium | AM13: Medium | AN13: 12
A14: 19 | B14: 19 | C14: Female | D14: 6 | E14: 89.17 | F14: Month-to-Month | G14: PayPal | H14: 6 | I14: 14.9 | J14: 7 | K14: 566.95 | L14: 1 | M14: Train | N14: 6-12 | O14: 60-90 | P14: 7-10 | Q14: <20 | R14: ContractType|Month-to-Month | S14: Tenure_Bin|6-12 | T14: Satis_Bin|7-10 | U14: Monthly_Bin|60-90 | V14: Usage_Bin|<20 | W14: 3 | X14: 2 | Y14: 0 | Z14: 1 | AA14: 2 | AB14: 8 | AC14: High | AD14: No | AE14: 0 | AF14: 0.73684211 | AG14: Yes | AH14: High | AM14: Month-to-Month | AN14: 107
A15: 20 | B15: 41 | C15: Male | D15: 47 | E15: 73.43 | F15: Month-to-Month | G15: Bank Transfer | H15: 3 | I15: 26.4 | J15: 3 | K15: 3673.76 | L15: 1 | M15: Train | N15: >=24 | O15: 60-90 | P15: 1-3 | Q15: 20-40 | R15: ContractType|Month-to-Month | S15: Tenure_Bin|>=24 | T15: Satis_Bin|1-3 | U15: Monthly_Bin|60-90 | V15: Usage_Bin|20-40 | W15: 3 | X15: 0 | Y15: 4 | Z15: 1 | AA15: 1 | AB15: 9 | AC15: High | AD15: No | AE15: 0 | AF15: 0.54545455 | AG15: Yes | AH15: Medium | AM15: High | AN15: 21
A16: 21 | B16: 61 | C16: Female | D16: 55 | E16: 94.99 | F16: 1-Year | G16: PayPal | H16: 4 | I16: 71.8 | J16: 4 | K16: 5598.06 | L16: 0 | M16: Train | N16: >=24 | O16: >=90 | P16: 4-6 | Q16: 40-80 | R16: ContractType|1-Year | S16: Tenure_Bin|>=24 | T16: Satis_Bin|4-6 | U16: Monthly_Bin|>=90 | V16: Usage_Bin|40-80 | W16: 1 | X16: 0 | Y16: 2 | Z16: 2 | AA16: 0 | AB16: 5 | AC16: Medium | AD16: No | AE16: 0 | AF16: 0.33333333 | AG16: No | AH16: Low | AM16: Low | AN16: 26
A17: 23 | B17: 55 | C17: Male | D17: 52 | E17: 78.51 | F17: 1-Year | G17: Credit Card | H17: 0 | I17: 51.2 | J17: 9 | K17: 4026.17 | L17: 1 | M17: Train | N17: >=24 | O17: 60-90 | P17: 7-10 | Q17: 40-80 | R17: ContractType|1-Year | S17: Tenure_Bin|>=24 | T17: Satis_Bin|7-10 | U17: Monthly_Bin|60-90 | V17: Usage_Bin|40-80 | W17: 1 | X17: 0 | Y17: 0 | Z17: 1 | AA17: 0 | AB17: 2 | AC17: Low | AD17: No | AE17: 0 | AF17: 0.6 | AG17: Yes | AH17: High | AM17: Medium | AN17: 60
A18: 24 | B18: 19 | C18: Male | D18: 16 | E18: 92.61 | F18: 2-Year | G18: Bank Transfer | H18: 1 | I18: 61.9 | J18: 6 | K18: 1428.08 | L18: 0 | M18: Train | N18: 12-24 | O18: >=90 | P18: 4-6 | Q18: 40-80 | R18: ContractType|2-Year | S18: Tenure_Bin|12-24 | T18: Satis_Bin|4-6 | U18: Monthly_Bin|>=90 | V18: Usage_Bin|40-80 | W18: 0 | X18: 1 | Y18: 2 | Z18: 2 | AA18: 0 | AB18: 5 | AC18: Medium | AD18: No | AE18: 0 | AF18: 0.33333333 | AG18: No | AH18: Low | AM18: (blank)
A19: 27 | B19: 29 | C19: Male | D19: 19 | E19: 44.11 | F19: Month-to-Month | G19: PayPal | H19: 1 | I19: 35.6 | J19: 9 | K19: 855.03 | L19: 0 | M19: Train | N19: 12-24 | O19: 30-60 | P19: 7-10 | Q19: 20-40 | R19: ContractType|Month-to-Month | S19: Tenure_Bin|12-24 | T19: Satis_Bin|7-10 | U19: Monthly_Bin|30-60 | V19: Usage_Bin|20-40 | W19: 3 | X19: 1 | Y19: 0 | Z19: 0 | AA19: 1 | AB19: 5 | AC19: Medium | AD19: No | AE19: 0 | AF19: 0.33333333 | AG19: No | AH19: Low | AM19: Low
A20: 28 | B20: 39 | C20: Female | D20: 17 | E20: 40.5 | F20: Month-to-Month | G20: PayPal | H20: 2 | I20: 65.5 | J20: 5 | K20: 716.81 | L20: 0 | M20: Train | N20: 12-24 | O20: 30-60 | P20: 4-6 | Q20: 40-80 | R20: ContractType|Month-to-Month | S20: Tenure_Bin|12-24 | T20: Satis_Bin|4-6 | U20: Monthly_Bin|30-60 | V20: Usage_Bin|40-80 | W20: 3 | X20: 1 | Y20: 2 | Z20: 0 | AA20: 0 | AB20: 6 | AC20: Medium | AD20: No | AE20: 0 | AF20: 0.33333333 | AG20: No | AH20: Low | AM20: Grand Total | AN20: 183
A21: 29 | B21: 61 | C21: Male | D21: 63 | E21: 45.14 | F21: 1-Year | G21: Bank Transfer | H21: 1 | I21: 19.2 | J21: 5 | K21: 2950.98 | L21: 0 | M21: Train | N21: >=24 | O21: 30-60 | P21: 4-6 | Q21: <20 | R21: ContractType|1-Year | S21: Tenure_Bin|>=24 | T21: Satis_Bin|4-6 | U21: Monthly_Bin|30-60 | V21: Usage_Bin|<20 | W21: 1 | X21: 0 | Y21: 2 | Z21: 0 | AA21: 2 | AB21: 5 | AC21: Medium | AD21: No | AE21: 0 | AF21: 0.33333333 | AG21: No | AH21: Low
A22: 30 | B22: 42 | C22: Male | D22: 19 | E22: 47.47 | F22: 2-Year | G22: PayPal | H22: 1 | I22: 71.1 | J22: 4 | K22: 879.3 | L22: 1 | M22: Train | N22: 12-24 | O22: 30-60 | P22: 4-6 | Q22: 40-80 | R22: ContractType|2-Year | S22: Tenure_Bin|12-24 | T22: Satis_Bin|4-6 | U22: Monthly_Bin|30-60 | V22: Usage_Bin|40-80 | W22: 0 | X22: 1 | Y22: 2 | Z22: 0 | AA22: 0 | AB22: 3 | AC22: Low | AD22: No | AE22: 0 | AF22: 0.42105263 | AG22: No | AH22: Medium
A23: 31 | B23: 66 | C23: Female | D23: 58 | E23: 40.72 | F23: Month-to-Month | G23: Bank Transfer | H23: 2 | I23: 75.9 | J23: 4 | K23: 2204.4 | L23: 1 | M23: Train | N23: >=24 | O23: 30-60 | P23: 4-6 | Q23: 40-80 | R23: ContractType|Month-to-Month | S23: Tenure_Bin|>=24 | T23: Satis_Bin|4-6 | U23: Monthly_Bin|30-60 | V23: Usage_Bin|40-80 | W23: 3 | X23: 0 | Y23: 2 | Z23: 0 | AA23: 0 | AB23: 5 | AC23: Medium | AD23: No | AE23: 0 | AF23: 0.33333333 | AG23: No | AH23: Low
A24: 32 | B24: 44 | C24: Female | D24: 55 | E24: 107.82 | F24: Month-to-Month | G24: PayPal | H24: 2 | I24: 98.3 | J24: 1 | K24: 5847.71 | L24: 0 | M24: Train | N24: >=24 | O24: >=90 | P24: 1-3 | Q24: >=80 | R24: ContractType|Month-to-Month | S24: Tenure_Bin|>=24 | T24: Satis_Bin|1-3 | U24: Monthly_Bin|>=90 | V24: Usage_Bin|>=80 | W24: 3 | X24: 0 | Y24: 4 | Z24: 2 | AA24: 0 | AB24: 9 | AC24: High | AD24: No | AE24: 0 | AF24: 0.54545455 | AG24: Yes | AH24: Medium
A25: 34 | B25: 45 | C25: Female | D25: 23 | E25: 24.69 | F25: 1-Year | G25: Bank Transfer | H25: 5 | I25: 83.4 | J25: 9 | K25: 612.17 | L25: 1 | M25: Train | N25: 12-24 | O25: <30 | P25: 7-10 | Q25: >=80 | R25: ContractType|1-Year | S25: Tenure_Bin|12-24 | T25: Satis_Bin|7-10 | U25: Monthly_Bin|<30 | V25: Usage_Bin|>=80 | W25: 1 | X25: 1 | Y25: 0 | Z25: 0 | AA25: 0 | AB25: 2 | AC25: Low | AD25: No | AE25: 0 | AF25: 0.6 | AG25: Yes | AH25: High
A26: 35 | B26: 33 | C26: Female | D26: 9 | E26: 46.87 | F26: Month-to-Month | G26: PayPal | H26: 0 | I26: 54.4 | J26: 3 | K26: 408.83 | L26: 1 | M26: Train | N26: 6-12 | O26: 30-60 | P26: 1-3 | Q26: 40-80 | R26: ContractType|Month-to-Month | S26: Tenure_Bin|6-12 | T26: Satis_Bin|1-3 | U26: Monthly_Bin|30-60 | V26: Usage_Bin|40-80 | W26: 3 | X26: 2 | Y26: 4 | Z26: 0 | AA26: 0 | AB26: 9 | AC26: High | AD26: No | AE26: 0 | AF26: 0.54545455 | AG26: Yes | AH26: Medium
A27: 36 | B27: 32 | C27: Male | D27: 12 | E27: 22.22 | F27: Month-to-Month | G27: PayPal | H27: 1 | I27: 40.5 | J27: 2 | K27: 248.21 | L27: 0 | M27: Train | N27: 12-24 | O27: <30 | P27: 1-3 | Q27: 40-80 | R27: ContractType|Month-to-Month | S27: Tenure_Bin|12-24 | T27: Satis_Bin|1-3 | U27: Monthly_Bin|<30 | V27: Usage_Bin|40-80 | W27: 3 | X27: 1 | Y27: 4 | Z27: 0 | AA27: 0 | AB27: 8 | AC27: High | AD27: No | AE27: 0 | AF27: 0.73684211 | AG27: Yes | AH27: High
A28: 37 | B28: 64 | C28: Male | D28: 1 | E28: 69.82 | F28: 2-Year | G28: Credit Card | H28: 1 | I28: 16.6 | J28: 3 | K28: 63.19 | L28: 0 | M28: Train | N28: <6 | O28: 60-90 | P28: 1-3 | Q28: <20 | R28: ContractType|2-Year | S28: Tenure_Bin|<6 | T28: Satis_Bin|1-3 | U28: Monthly_Bin|60-90 | V28: Usage_Bin|<20 | W28: 0 | X28: 3 | Y28: 4 | Z28: 1 | AA28: 2 | AB28: 10 | AC28: High | AD28: No | AE28: 0 | AF28: 0.5 | AG28: Yes | AH28: Medium
A29: 38 | B29: 68 | C29: Female | D29: 58 | E29: 67.62 | F29: 1-Year | G29: Bank Transfer | H29: 3 | I29: 74.9 | J29: 1 | K29: 4036.34 | L29: 0 | M29: Train | N29: >=24 | O29: 60-90 | P29: 1-3 | Q29: 40-80 | R29: ContractType|1-Year | S29: Tenure_Bin|>=24 | T29: Satis_Bin|1-3 | U29: Monthly_Bin|60-90 | V29: Usage_Bin|40-80 | W29: 1 | X29: 0 | Y29: 4 | Z29: 1 | AA29: 0 | AB29: 6 | AC29: Medium | AD29: No | AE29: 0 | AF29: 0.33333333 | AG29: No | AH29: Low
A30: 39 | B30: 61 | C30: Male | D30: 1 | E30: 103.14 | F30: Month-to-Month | G30: PayPal | H30: 2 | I30: 27.4 | J30: 6 | K30: 105.96 | L30: 1 | M30: Train | N30: <6 | O30: >=90 | P30: 4-6 | Q30: 20-40 | R30: ContractType|Month-to-Month | S30: Tenure_Bin|<6 | T30: Satis_Bin|4-6 | U30: Monthly_Bin|>=90 | V30: Usage_Bin|20-40 | W30: 3 | X30: 3 | Y30: 2 | Z30: 2 | AA30: 1 | AB30: 11 | AC30: High | AD30: No | AE30: 0 | AF30: 0.6 | AG30: Yes | AH30: High
A31: 40 | B31: 69 | C31: Male | D31: 34 | E31: 50.78 | F31: 1-Year | G31: Credit Card | H31: 2 | I31: 40.3 | J31: 7 | K31: 1671.48 | L31: 0 | M31: Train | N31: >=24 | O31: 30-60 | P31: 7-10 | Q31: 40-80 | R31: ContractType|1-Year | S31: Tenure_Bin|>=24 | T31: Satis_Bin|7-10 | U31: Monthly_Bin|30-60 | V31: Usage_Bin|40-80 | W31: 1 | X31: 0 | Y31: 0 | Z31: 0 | AA31: 0 | AB31: 1 | AC31: Low | AD31: No | AE31: 0 | AF31: 0.25 | AG31: No | AH31: Low
A32: 41 | B32: 20 | C32: Female | D32: 48 | E32: 101.64 | F32: 1-Year | G32: PayPal | H32: 3 | I32: 10.9 | J32: 2 | K32: 4460.82 | L32: 1 | M32: Train | N32: >=24 | O32: >=90 | P32: 1-3 | Q32: <20 | R32: ContractType|1-Year | S32: Tenure_Bin|>=24 | T32: Satis_Bin|1-3 | U32: Monthly_Bin|>=90 | V32: Usage_Bin|<20 | W32: 1 | X32: 0 | Y32: 4 | Z32: 2 | AA32: 2 | AB32: 9 | AC32: High | AD32: No | AE32: 0 | AF32: 0.54545455 | AG32: Yes | AH32: Medium
... A184: 249 | B184: 22 | C184: Male | D184: 25 | E184: 119.77 | F184: 1-Year | G184: Credit Card | H184: 3 | I184: 63.3 | J184: 1 | K184: 2732.37 | L184: 1 | M184: Train | N184: >=24 | O184: >=90 | P184: 1-3 | Q184: 40-80 | R184: ContractType|1-Year | S184: Tenure_Bin|>=24 | T184: Satis_Bin|1-3 | U184: Monthly_Bin|>=90 | V184: Usage_Bin|40-80 | W184: 1 | X184: 0 | Y184: 4 | Z184: 2 | AA184: 0 | AB184: 7 | AC184: High | AD184: No | AE184: 0 | AF184: 0.54166667 | AG184: Yes | AH184: Medium

Sheet 3.2 Thresholds
A1: Threshold | B1: TP | C1: FP | D1: TN | E1: FN | F1: Accuracy | G1: Precision | H1: Recall | I1: F1
A2: 0 | B2: 30 | C2: 37 | D2: 0 | E2: 0 | F2: 0.45 | G2: 0.45 | H2: 1 | I2: 0.6
A3: 1 | B3: 30 | C3: 37 | D3: 0 | E3: 0 | F3: 0.45 | G3: 0.45 | H3: 1 | I3: 0.62
A4: 2 | B4: 30 | C4: 35 | D4: 2 | E4: 0 | F4: 0.47 | G4: 0.46 | H4: 1 | I4: 0.63
A5: 3 | B5: 28 | C5: 32 | D5: 5 | E5: 2 | F5: 0.49 | G5: 0.46 | H5: 0.93 | I5: 0.62
A6: 4 | B6: 23 | C6: 27 | D6: 10 | E6: 7 | F6: 0.49 | G6: 0.46 | H6: 0.76 | I6: 0.57
A7: 5 | B7: 21 | C7: 22 | D7: 15 | E7: 9 | F7: 0.54 | G7: 0.48 | H7: 0.7 | I7: 0.57 | K7: Thre
A8: 6 | B8: 19 | C8: 19 | D8: 18 | E8: 11 | F8: 0.55 | G8: 0.5 | H8: 0.63 | I8: 0.56
A9: 7 | B9: 16 | C9: 11 | D9: 26 | E9: 14 | F9: 0.63 | G9: 0.59 | H9: 0.53 | I9: 0.56
A10: 8 | B10: 9 | C10: 8 | D10: 29 | E10: 21 | F10: 0.56 | G10: 0.53 | H10: 0.3 | I10: 0.38
A11: 9 | B11: 6 | C11: 6 | D11: 31 | E11: 24 | F11: 0.55 | G11: 0.5 | H11: 0.2 | I11: 0.29
A12: 10 | B12: 2 | C12: 1 | D12: 36 | E12: 28 | F12: 0.57 | G12: 0.67 | H12: 0.067 | I12: 0.12
A13: 11 | B13: 1 | C13: 1 | D13: 36 | E13: 29 | F13: 0.55 | G13: 0.5 | H13: 0.03 | I13: 0.065
A14: 12 | B14: 1 | C14: 1 | D14: 36 | E14: 29 | F14: 0.55 | G14: 0.5 | H14: 0.03 | I14: 0.065
A15: 13 | B15: 0 | C15: 0 | D15: 37 | E15: 30 | F15: 0.55 | H15: 0
S18: F1
B19: Precision | J19: Recall | R19: 0 | S19: 0.6
A20: 0 | B20: 0.45 | I20: 0 | J20: 1 | R20: 1 | S20: 0.62
A21: 1 | B21: 0.45 | I21: 1 | J21: 1 | R21: 2 | S21: 0.63
A22: 2 | B22: 0.46 | I22: 2 | J22: 1 | R22: 3 | S22: 0.62
A23: 3 | B23: 0.46 | I23: 3 | J23: 0.93 | R23: 4 | S23: 0.57
A24: 4 | B24: 0.46 | I24: 4 | J24: 0.76 | R24: 5 | S24: 0.57
A25: 5 | B25: 0.48 | I25: 5 | J25: 0.7 | R25: 6 | S25: 0.56
A26: 6 | B26: 0.5 | I26: 6 | J26: 0.63 | R26: 7 | S26: 0.56
A27: 7 | B27: 0.59 | I27: 7 | J27: 0.53 | R27: 8 | S27: 0.38
A28: 8 | B28: 0.53 | I28: 8 | J28: 0.3 | R28: 9 | S28: 0.29
A29: 9 | B29: 0.5 | I29: 9 | J29: 0.2 | R29: 10 | S29: 0.12
A30: 10 | B30: 0.67 | I30: 10 | J30: 0.067 | R30: 11 | S30: 0.065
A31: 11 | B31: 0.5 | I31: 11 | J31: 0.03 | R31: 12 | S31: 0.065
A32: 12 | B32: 0.5 | I32: 12 | J32: 0.03 | R32: 13
A33: 13 | I33: 13 | J33: 0

Sheet 3.3 Calibration
A1: Score | B1: N (Train) | C1: ChurnYes | D1: BaseChurn | E1: RawRate | F1: SmoothedRate | G1: Score_Bin | H1: CumN | I1: CumChurnYes | J1: MonoRate
A2: {=_xlfn._xlws.SORT(_xlfn.UNIQUE(_xlfn._xlws.FILTER('3. Predictive'!AB2:AB251, '3. Predictive'!M2:M251="Train")))} -> 1 | B2: =COUNTIFS('3. Predictive'!M2:M251,"Train", '3. Predictive'!AB2:AB251,'3.3 Calibration'!A2) -> 6 | C2: =SUMIFS('3. Predictive'!L2:L251, '3. Predictive'!M2:M251,"Train", '3. Predictive'!AB2:AB251,'3.3 Calibration'!A2) -> 1 | D2: =AVERAGEIFS('3. Predictive'!L2:L251, '3. Predictive'!M2:M251,"Train") -> 0.48087432 | E2: =IF(B2=0, $D$2, C2/B2) -> 0.16666667 | F2: =(C2 + 1) / (B2+ 2) -> 0.25 | G2: =IF(A2<=2,"0-2", IF(A2<=4,"3-4", IF(A2<=6,"5-6", ">=7"))) -> 0-2 | H2: =SUM(B2:B14) -> 179 | I2: =SUM(C2:C14) -> 84 | J2: =H2/I2 -> 2.1309524
A3: 2 | B3: =COUNTIFS('3. Predictive'!M3:M252,"Train", '3. Predictive'!AB3:AB252,'3.3 Calibration'!A3) -> 8 | C3: =SUMIFS('3. Predictive'!L3:L252, '3. Predictive'!M3:M252,"Train", '3. Predictive'!AB3:AB252,'3.3 Calibration'!A3) -> 5 | F3: =(C3 + 1) / (B3+ 2) -> 0.6 | G3: =IF(A3<=2,"0-2", IF(A3<=4,"3-4", IF(A3<=6,"5-6", ">=7"))) -> 0-2
A4: 3 | B4: =COUNTIFS('3. Predictive'!M4:M253,"Train", '3. Predictive'!AB4:AB253,'3.3 Calibration'!A4) -> 17 | C4: =SUMIFS('3. Predictive'!L4:L253, '3. Predictive'!M4:M253,"Train", '3. Predictive'!AB4:AB253,'3.3 Calibration'!A4) -> 7 | F4: =(C4 + 1) / (B4+ 2) -> 0.42105263 | G4: =IF(A4<=2,"0-2", IF(A4<=4,"3-4", IF(A4<=6,"5-6", ">=7"))) -> 3-4
A5: 4 | B5: =COUNTIFS('3. Predictive'!M5:M254,"Train", '3. Predictive'!AB5:AB254,'3.3 Calibration'!A5) -> 25 | C5: =SUMIFS('3. Predictive'!L5:L254, '3. Predictive'!M5:M254,"Train", '3. Predictive'!AB5:AB254,'3.3 Calibration'!A5) -> 10 | F5: =(C5 + 1) / (B5+ 2) -> 0.40740741 | G5: =IF(A5<=2,"0-2", IF(A5<=4,"3-4", IF(A5<=6,"5-6", ">=7"))) -> 3-4
A6: 5 | B6: =COUNTIFS('3. Predictive'!M6:M255,"Train", '3. Predictive'!AB6:AB255,'3.3 Calibration'!A6) -> 28 | C6: =SUMIFS('3. Predictive'!L6:L255, '3. Predictive'!M6:M255,"Train", '3. Predictive'!AB6:AB255,'3.3 Calibration'!A6) -> 9 | F6: =(C6 + 1) / (B6+ 2) -> 0.33333333 | G6: =IF(A6<=2,"0-2", IF(A6<=4,"3-4", IF(A6<=6,"5-6", ">=7"))) -> 5-6
A7: 6 | B7: =COUNTIFS('3. Predictive'!M7:M256,"Train", '3. Predictive'!AB7:AB256,'3.3 Calibration'!A7) -> 22 | C7: =SUMIFS('3. Predictive'!L7:L256, '3. Predictive'!M7:M256,"Train", '3. Predictive'!AB7:AB256,'3.3 Calibration'!A7) -> 7 | F7: =(C7 + 1) / (B7+ 2) -> 0.33333333 | G7: =IF(A7<=2,"0-2", IF(A7<=4,"3-4", IF(A7<=6,"5-6", ">=7"))) -> 5-6
A8: 7 | B8: =COUNTIFS('3. Predictive'!M8:M257,"Train", '3. Predictive'!AB8:AB257,'3.3 Calibration'!A8) -> 22 | C8: =SUMIFS('3. Predictive'!L8:L257, '3. Predictive'!M8:M257,"Train", '3. Predictive'!AB8:AB257,'3.3 Calibration'!A8) -> 12 | F8: =(C8 + 1) / (B8+ 2) -> 0.54166667 | G8: =IF(A8<=2,"0-2", IF(A8<=4,"3-4", IF(A8<=6,"5-6", ">=7"))) -> >=7
A9: 8 | B9: =COUNTIFS('3. Predictive'!M9:M258,"Train", '3. Predictive'!AB9:AB258,'3.3 Calibration'!A9) -> 17 | C9: =SUMIFS('3. Predictive'!L9:L258, '3. Predictive'!M9:M258,"Train", '3. Predictive'!AB9:AB258,'3.3 Calibration'!A9) -> 13 | F9: =(C9 + 1) / (B9+ 2) -> 0.73684211 | G9: =IF(A9<=2,"0-2", IF(A9<=4,"3-4", IF(A9<=6,"5-6", ">=7"))) -> >=7
A10: 9 | B10: =COUNTIFS('3. Predictive'!M10:M259,"Train", '3. Predictive'!AB10:AB259,'3.3 Calibration'!A10) -> 20 | C10: =SUMIFS('3. Predictive'!L10:L259, '3. Predictive'!M10:M259,"Train", '3. Predictive'!AB10:AB259,'3.3 Calibration'!A10) -> 11 | F10: =(C10 + 1) / (B10+ 2) -> 0.54545455 | G10: =IF(A10<=2,"0-2", IF(A10<=4,"3-4", IF(A10<=6,"5-6", ">=7"))) -> >=7
A11: 10 | B11: =COUNTIFS('3. Predictive'!M11:M260,"Train", '3. Predictive'!AB11:AB260,'3.3 Calibration'!A11) -> 6 | C11: =SUMIFS('3. Predictive'!L11:L260, '3. Predictive'!M11:M260,"Train", '3. Predictive'!AB11:AB260,'3.3 Calibration'!A11) -> 3 | F11: =(C11 + 1) / (B11+ 2) -> 0.5 | G11: =IF(A11<=2,"0-2", IF(A11<=4,"3-4", IF(A11<=6,"5-6", ">=7"))) -> >=7
A12: 11 | B12: =COUNTIFS('3. Predictive'!M12:M261,"Train", '3. Predictive'!AB12:AB261,'3.3 Calibration'!A12) -> 3 | C12: =SUMIFS('3. Predictive'!L12:L261, '3. Predictive'!M12:M261,"Train", '3. Predictive'!AB12:AB261,'3.3 Calibration'!A12) -> 2 | F12: =(C12 + 1) / (B12+ 2) -> 0.6 | G12: =IF(A12<=2,"0-2", IF(A12<=4,"3-4", IF(A12<=6,"5-6", ">=7"))) -> >=7
A13: 12 | B13: =COUNTIFS('3. Predictive'!M13:M262,"Train", '3. Predictive'!AB13:AB262,'3.3 Calibration'!A13) -> 3 | C13: =SUMIFS('3. Predictive'!L13:L262, '3. Predictive'!M13:M262,"Train", '3. Predictive'!AB13:AB262,'3.3 Calibration'!A13) -> 3 | F13: =(C13 + 1) / (B13+ 2) -> 0.8 | G13: =IF(A13<=2,"0-2", IF(A13<=4,"3-4", IF(A13<=6,"5-6", ">=7"))) -> >=7
A14: 13 | B14: =COUNTIFS('3. Predictive'!M14:M263,"Train", '3. Predictive'!AB14:AB263,'3.3 Calibration'!A14) -> 2 | C14: =SUMIFS('3. Predictive'!L14:L263, '3. Predictive'!M14:M263,"Train", '3. Predictive'!AB14:AB263,'3.3 Calibration'!A14) -> 1 | F14: =(C14 + 1) / (B14+ 2) -> 0.5 | G14: =IF(A14<=2,"0-2", IF(A14<=4,"3-4", IF(A14<=6,"5-6", ">=7"))) -> >=7

Sheet 2.3 Tenure <> Sat
A1: Tenure | B1: SatisfactionScore | C1: Churn | D1: X_no | E1: No churn | F1: X_yes | G1: Churn
A2: 58 | B2: 6 | C2: 1 | D2: =IF($C2=0, $A2, NA()) -> #N/A | E2: =IF($C2=0, B2, NA()) -> #N/A | F2: =IF($C2=1, A2, NA()) -> 58 | G2: =IF($C2=1, $B2, NA()) -> 6
A3: 63 | B3: 1 | C3: 1 | D3: =IF($C3=0, $A3, NA()) -> #N/A | E3: =IF($C3=0, B3, NA()) -> #N/A | F3: =IF($C3=1, A3, NA()) -> 63 | G3: =IF($C3=1, $B3, NA()) -> 1
A4: 62 | B4: 5 | C4: 0 | D4: =IF($C4=0, $A4, NA()) -> 62 | E4: =IF($C4=0, B4, NA()) -> 5 | F4: =IF($C4=1, A4, NA()) -> #N/A | G4: =IF($C4=1, $B4, NA()) -> #N/A
A5: 22 | B5: 3 | C5: 1 | D5: =IF($C5=0, $A5, NA()) -> #N/A | E5: =IF($C5=0, B5, NA()) -> #N/A | F5: =IF($C5=1, A5, NA()) -> 22 | G5: =IF($C5=1, $B5, NA()) -> 3
A6: 58 | B6: 1 | C6: 1 | D6: =IF($C6=0, $A6, NA()) -> #N/A | E6: =IF($C6=0, B6, NA()) -> #N/A | F6: =IF($C6=1, A6, NA()) -> 58 | G6: =IF($C6=1, $B6, NA()) -> 1
A7: 58 | B7: 4 | C7: 1 | D7: =IF($C7=0, $A7, NA()) -> #N/A | E7: =IF($C7=0, B7, NA()) -> #N/A | F7: =IF($C7=1, A7, NA()) -> 58 | G7: =IF($C7=1, $B7, NA()) -> 4
A8: 49 | B8: 2 | C8: 1 | D8: =IF($C8=0, $A8, NA()) -> #N/A | E8: =IF($C8=0, B8, NA()) -> #N/A | F8: =IF($C8=1, A8, NA()) -> 49 | G8: =IF($C8=1, $B8, NA()) -> 2
A9: 52 | B9: 2 | C9: 0 | D9: =IF($C9=0, $A9, NA()) -> 52 | E9: =IF($C9=0, B9, NA()) -> 2 | F9: =IF($C9=1, A9, NA()) -> #N/A | G9: =IF($C9=1, $B9, NA()) -> #N/A
A10: 42 | B10: 3 | C10: 1 | D10: =IF($C10=0, $A10, NA()) -> #N/A | E10: =IF($C10=0, B10, NA()) -> #N/A | F10: =IF($C10=1, A10, NA()) -> 42 | G10: =IF($C10=1, $B10, NA()) -> 3
A11: 70 | B11: 8 | C11: 0 | D11: =IF($C11=0, $A11, NA()) -> 70 | E11: =IF($C11=0, B11, NA()) -> 8 | F11: =IF($C11=1, A11, NA()) -> #N/A | G11: =IF($C11=1, $B11, NA()) -> #N/A
A12: 15 | B12: 8 | C12: 0 | D12: =IF($C12=0, $A12, NA()) -> 15 | E12: =IF($C12=0, B12, NA()) -> 8 | F12: =IF($C12=1, A12, NA()) -> #N/A | G12: =IF($C12=1, $B12, NA()) -> #N/A
A13: 54 | B13: 7 | C13: 0 | D13: =IF($C13=0, $A13, NA()) -> 54 | E13: =IF($C13=0, B13, NA()) -> 7 | F13: =IF($C13=1, A13, NA()) -> #N/A | G13: =IF($C13=1, $B13, NA()) -> #N/A
... A251: 66 | B251: 9 | C251: 0 | D251: =IF($C251=0, $A251, NA()) -> 66 | E251: =IF($C251=0, B251, NA()) -> 9 | F251: =IF($C251=1, A251, NA()) -> #N/A | G251: =IF($C251=1, $B251, NA()) -> #N/A

Sheet 2.4 Sat <> MonthlyCharge
J1: SatisfactionScore | L1: Churn | M1: MonthlyCharges | N1: X_no | O1: No churn | P1: X_yes | Q1: Churn | R1: LowSatCol | S1: HighChargeCol | T1: (B) LowSat & HighCharge | U1: (A) LowSat & Charge < Q3 | V1: (D) HighSat & HighCharge | W1: (C) HighSat & Charge < Q3
J2: 6 | L2: 1 | M2: 28.27 | N2: =IF($L2=0, $J2, NA()) -> #N/A | O2: =IF($L2=0, $M2, NA()) -> #N/A | P2: =IF($L2=1, $J2, NA()) -> 6 | Q2: =IF($L2=1, $M2, NA()) -> 28.27 | R2: =--(J2 <=#REF!) -> #REF! | S2: =--(M2 >=#REF!) -> #REF! | T2: =AVERAGEIFS($L$2:$L$251, R2:R251, 1, S2:S251, 1) -> #DIV/0! | U2: =AVERAGEIFS($L$2:$L$251, R2:R251, 1, S2:S251, 0) -> #DIV/0! | V2: =AVERAGEIFS($L$2:$L$251, R2:R251, 0, S2:S251, 1) -> #DIV/0! | W2: =AVERAGEIFS($L$2:$L$251, R2:R251, 0, S2:S251, 0) -> #DIV/0!
J3: 1 | L3: 1 | M3: 107.67 | N3: =IF($L3=0, $J3, NA()) -> #N/A | O3: =IF($L3=0, $M3, NA()) -> #N/A | P3: =IF($L3=1, $J3, NA()) -> 1 | Q3: =IF($L3=1, $M3, NA()) -> 107.67 | R3: =--(J3 <=#REF!) -> #REF! | S3: =--(M3 >=#REF!) -> #REF! | T3: =COUNTIFS(R2:R251,1, S2:S251,1) -> 0 | U3: =COUNTIFS(R2:R251,1, S2:S251,0) -> 0 | V3: =COUNTIFS(R2:R251,0, S2:S251,1) -> 0 | W3: =COUNTIFS(R2:R251,0, S2:S251,0) -> 0
J4: 5 | L4: 0 | M4: 75.16 | N4: =IF($L4=0, $J4, NA()) -> 5 | O4: =IF($L4=0, $M4, NA()) -> 75.16 | P4: =IF($L4=1, $J4, NA()) -> #N/A | Q4: =IF($L4=1, $M4, NA()) -> #N/A | R4: =--(J4 <=#REF!) -> #REF! | S4: =--(M4 >=#REF!) -> #REF!
J5: 3 | L5: 1 | M5: 36.48 | N5: =IF($L5=0, $J5, NA()) -> #N/A | O5: =IF($L5=0, $M5, NA()) -> #N/A | P5: =IF($L5=1, $J5, NA()) -> 3 | Q5: =IF($L5=1, $M5, NA()) -> 36.48 | R5: =--(J5 <=#REF!) -> #REF! | S5: =--(M5 >=#REF!) -> #REF!
J6: 1 | L6: 1 | M6: 61.13 | N6: =IF($L6=0, $J6, NA()) -> #N/A | O6: =IF($L6=0, $M6, NA()) -> #N/A | P6: =IF($L6=1, $J6, NA()) -> 1 | Q6: =IF($L6=1, $M6, NA()) -> 61.13 | R6: =--(J6 <=#REF!) -> #REF! | S6: =--(M6 >=#REF!) -> #REF!
J7: 4 | L7: 1 | M7: 97.76 | N7: =IF($L7=0, $J7, NA()) -> #N/A | O7: =IF($L7=0, $M7, NA()) -> #N/A | P7: =IF($L7=1, $J7, NA()) -> 4 | Q7: =IF($L7=1, $M7, NA()) -> 97.76 | R7: =--(J7 <=#REF!) -> #REF! | S7: =--(M7 >=#REF!) -> #REF!
J8: 2 | L8: 1 | M8: 68.04 | N8: =IF($L8=0, $J8, NA()) -> #N/A | O8: =IF($L8=0, $M8, NA()) -> #N/A | P8: =IF($L8=1, $J8, NA()) -> 2 | Q8: =IF($L8=1, $M8, NA()) -> 68.04 | R8: =--(J8 <=#REF!) -> #REF! | S8: =--(M8 >=#REF!) -> #REF!
J9: 2 | L9: 0 | M9: 118.53 | N9: =IF($L9=0, $J9, NA()) -> 2 | O9: =IF($L9=0, $M9, NA()) -> 118.53 | P9: =IF($L9=1, $J9, NA()) -> #N/A | Q9: =IF($L9=1, $M9, NA()) -> #N/A | R9: =--(J9 <=#REF!) -> #REF! | S9: =--(M9 >=#REF!) -> #REF!
J10: 3 | L10: 1 | M10: 57.67 | N10: =IF($L10=0, $J10, NA()) -> #N/A | O10: =IF($L10=0, $M10, NA()) -> #N/A | P10: =IF($L10=1, $J10, NA()) -> 3 | Q10: =IF($L10=1, $M10, NA()) -> 57.67 | R10: =--(J10 <=#REF!) -> #REF! | S10: =--(M10 >=#REF!) -> #REF!
J11: 8 | L11: 0 | M11: 94.96 | N11: =IF($L11=0, $J11, NA()) -> 8 | O11: =IF($L11=0, $M11, NA()) -> 94.96 | P11: =IF($L11=1, $J11, NA()) -> #N/A | Q11: =IF($L11=1, $M11, NA()) -> #N/A | R11: =--(J11 <=#REF!) -> #REF! | S11: =--(M11 >=#REF!) -> #REF!
J12: 8 | L12: 0 | M12: 59.3 | N12: =IF($L12=0, $J12, NA()) -> 8 | O12: =IF($L12=0, $M12, NA()) -> 59.3 | P12: =IF($L12=1, $J12, NA()) -> #N/A | Q12: =IF($L12=1, $M12, NA()) -> #N/A | R12: =--(J12 <=#REF!) -> #REF! | S12: =--(M12 >=#REF!) -> #REF!
J13: 7 | L13: 0 | M13: 102.92 | N13: =IF($L13=0, $J13, NA()) -> 7 | O13: =IF($L13=0, $M13, NA()) -> 102.92 | P13: =IF($L13=1, $J13, NA()) -> #N/A | Q13: =IF($L13=1, $M13, NA()) -> #N/A | R13: =--(J13 <=#REF!) -> #REF! | S13: =--(M13 >=#REF!) -> #REF!
J14: 6 | L14: 0 | M14: 76.91 | N14: =IF($L14=0, $J14, NA()) -> 6 | O14: =IF($L14=0, $M14, NA()) -> 76.91 | P14: =IF($L14=1, $J14, NA()) -> #N/A | Q14: =IF($L14=1, $M14, NA()) -> #N/A | R14: =--(J14 <=#REF!) -> #REF! | S14: =--(M14 >=#REF!) -> #REF!
J15: 9 | L15: 1 | M15: 26.35 | N15: =IF($L15=0, $J15, NA()) -> #N/A | O15: =IF($L15=0, $M15, NA()) -> #N/A | P15: =IF($L15=1, $J15, NA()) -> 9 | Q15: =IF($L15=1, $M15, NA()) -> 26.35 | R15: =--(J15 <=#REF!) -> #REF! | S15: =--(M15 >=#REF!) -> #REF!
... J18: 8 | L18: 0 | M18: 21.37 | N18: =IF($L18=0, $J18, NA()) -> 8 | O18: =IF($L18=0, $M18, NA()) -> 21.37 | P18: =IF($L18=1, $J18, NA()) -> #N/A | Q18: =IF($L18=1, $M18, NA()) -> #N/A | R18: =--(J18 <=#REF!) -> #REF! | S18: =--(M18 >=#REF!) -> #REF!
E19: X | F19: Y | J19: 7 | L19: 0 | M19: 27.54 | N19: =IF($L19=0, $J19, NA()) -> 7 | O19: =IF($L19=0, $M19, NA()) -> 27.54 | P19: =IF($L19=1, $J19, NA()) -> #N/A | Q19: =IF($L19=1, $M19, NA()) -> #N/A | R19: =--(J19 <=#REF!) -> #REF! | S19: =--(M19 >=#REF!) -> #REF!
E20: =#REF! -> #REF! | F20: =MIN('1. Raw Data'!E2:E251) -> 20.26 | J20: 7 | L20: 1 | M20: 89.17 | N20: =IF($L20=0, $J20, NA()) -> #N/A | O20: =IF($L20=0, $M20, NA()) -> #N/A | P20: =IF($L20=1, $J20, NA()) -> 7 | Q20: =IF($L20=1, $M20, NA()) -> 89.17 | R20: =--(J20 <=#REF!) -> #REF! | S20: =--(M20 >=#REF!) -> #REF!
E21: =#REF! -> #REF! | F21: =MAX('1. Raw Data'!E2:E251) -> 119.77 | J21: 3 | L21: 1 | M21: 73.43 | N21: =IF($L21=0, $J21, NA()) -> #N/A | O21: =IF($L21=0, $M21, NA()) -> #N/A | P21: =IF($L21=1, $J21, NA()) -> 3 | Q21: =IF($L21=1, $M21, NA()) -> 73.43 | R21: =--(J21 <=#REF!) -> #REF! | S21: =--(M21 >=#REF!) -> #REF!
J22: 4 | L22: 0 | M22: 94.99 | N22: =IF($L22=0, $J22, NA()) -> 4 | O22: =IF($L22=0, $M22, NA()) -> 94.99 | P22: =IF($L22=1, $J22, NA()) -> #N/A | Q22: =IF($L22=1, $M22, NA()) -> #N/A | R22: =--(J22 <=#REF!) -> #REF! | S22: =--(M22 >=#REF!) -> #REF!
E23: X | F23: Y | J23: 10 | L23: 1 | M23: 111.32 | N23: =IF($L23=0, $J23, NA()) -> #N/A | O23: =IF($L23=0, $M23, NA()) -> #N/A | P23: =IF($L23=1, $J23, NA()) -> 10 | Q23: =IF($L23=1, $M23, NA()) -> 111.32 | R23: =--(J23 <=#REF!) -> #REF! | S23: =--(M23 >=#REF!) -> #REF!
E24: =MIN('1. Raw Data'!J2:J251) -> 1 | F24: =#REF! -> #REF! | J24: 9 | L24: 1 | M24: 78.51 | N24: =IF($L24=0, $J24, NA()) -> #N/A | O24: =IF($L24=0, $M24, NA()) -> #N/A | P24: =IF($L24=1, $J24, NA()) -> 9 | Q24: =IF($L24=1, $M24, NA()) -> 78.51 | R24: =--(J24 <=#REF!) -> #REF! | S24: =--(M24 >=#REF!) -> #REF!
E25: =MAX('1. Raw Data'!J2:J251) -> 10 | F25: =#REF! -> #REF! | J25: 6 | L25: 0 | M25: 92.61 | N25: =IF($L25=0, $J25, NA()) -> 6 | O25: =IF($L25=0, $M25, NA()) -> 92.61 | P25: =IF($L25=1, $J25, NA()) -> #N/A | Q25: =IF($L25=1, $M25, NA()) -> #N/A | R25: =--(J25 <=#REF!) -> #REF! | S25: =--(M25 >=#REF!) -> #REF!
J26: 5 | L26: 0 | M26: 95.71 | N26: =IF($L26=0, $J26, NA()) -> 5 | O26: =IF($L26=0, $M26, NA()) -> 95.71 | P26: =IF($L26=1, $J26, NA()) -> #N/A | Q26: =IF($L26=1, $M26, NA()) -> #N/A | R26: =--(J26 <=#REF!) -> #REF! | S26: =--(M26 >=#REF!) -> #REF!
J27: 3 | L27: 0 | M27: 57.79 | N27: =IF($L27=0, $J27, NA()) -> 3 | O27: =IF($L27=0, $M27, NA()) -> 57.79 | P27: =IF($L27=1, $J27, NA()) -> #N/A | Q27: =IF($L27=1, $M27, NA()) -> #N/A | R27: =--(J27 <=#REF!) -> #REF! | S27: =--(M27 >=#REF!) -> #REF!
J28: 9 | L28: 0 | M28: 44.11 | N28: =IF($L28=0, $J28, NA()) -> 9 | O28: =IF($L28=0, $M28, NA()) -> 44.11 | P28: =IF($L28=1, $J28, NA()) -> #N/A | Q28: =IF($L28=1, $M28, NA()) -> #N/A | R28: =--(J28 <=#REF!) -> #REF! | S28: =--(M28 >=#REF!) -> #REF!
J29: 5 | L29: 0 | M29: 40.5 | N29: =IF($L29=0, $J29, NA()) -> 5 | O29: =IF($L29=0, $M29, NA()) -> 40.5 | P29: =IF($L29=1, $J29, NA()) -> #N/A | Q29: =IF($L29=1, $M29, NA()) -> #N/A | R29: =--(J29 <=#REF!) -> #REF! | S29: =--(M29 >=#REF!) -> #REF!
J30: 5 | L30: 0 | M30: 45.14 | N30: =IF($L30=0, $J30, NA()) -> 5 | O30: =IF($L30=0, $M30, NA()) -> 45.14 | P30: =IF($L30=1, $J30, NA()) -> #N/A | Q30: =IF($L30=1, $M30, NA()) -> #N/A | R30: =--(J30 <=#REF!) -> #REF! | S30: =--(M30 >=#REF!) -> #REF!
J31: 4 | L31: 1 | M31: 47.47 | N31: =IF($L31=0, $J31, NA()) -> #N/A | O31: =IF($L31=0, $M31, NA()) -> #N/A | P31: =IF($L31=1, $J31, NA()) -> 4 | Q31: =IF($L31=1, $M31, NA()) -> 47.47 | R31: =--(J31 <=#REF!) -> #REF! | S31: =--(M31 >=#REF!) -> #REF!
J32: 4 | L32: 1 | M32: 40.72 | N32: =IF($L32=0, $J32, NA()) -> #N/A | O32: =IF($L32=0, $M32, NA()) -> #N/A | P32: =IF($L32=1, $J32, NA()) -> 4 | Q32: =IF($L32=1, $M32, NA()) -> 40.72 | R32: =--(J32 <=#REF!) -> #REF! | S32: =--(M32 >=#REF!) -> #REF!
J33: 1 | L33: 0 | M33: 107.82 | N33: =IF($L33=0, $J33, NA()) -> 1 | O33: =IF($L33=0, $M33, NA()) -> 107.82 | P33: =IF($L33=1, $J33, NA()) -> #N/A | Q33: =IF($L33=1, $M33, NA()) -> #N/A | R33: =--(J33 <=#REF!) -> #REF! | S33: =--(M33 >=#REF!) -> #REF!
J34: 7 | L34: 0 | M34: 95.7 | N34: =IF($L34=0, $J34, NA()) -> 7 | O34: =IF($L34=0, $M34, NA()) -> 95.7 | P34: =IF($L34=1, $J34, NA()) -> #N/A | Q34: =IF($L34=1, $M34, NA()) -> #N/A | R34: =--(J34 <=#REF!) -> #REF! | S34: =--(M34 >=#REF!) -> #REF!
J35: 9 | L35: 1 | M35: 24.69 | N35: =IF($L35=0, $J35, NA()) -> #N/A | O35: =IF($L35=0, $M35, NA()) -> #N/A | P35: =IF($L35=1, $J35, NA()) -> 9 | Q35: =IF($L35=1, $M35, NA()) -> 24.69 | R35: =--(J35 <=#REF!) -> #REF! | S35: =--(M35 >=#REF!) -> #REF!
J36: 3 | L36: 1 | M36: 46.87 | N36: =IF($L36=0, $J36, NA()) -> #N/A | O36: =IF($L36=0, $M36, NA()) -> #N/A | P36: =IF($L36=1, $J36, NA()) -> 3 | Q36: =IF($L36=1, $M36, NA()) -> 46.87 | R36: =--(J36 <=#REF!) -> #REF! | S36: =--(M36 >=#REF!) -> #REF!
J37: 2 | L37: 0 | M37: 22.22 | N37: =IF($L37=0, $J37, NA()) -> 2 | O37: =IF($L37=0, $M37, NA()) -> 22.22 | P37: =IF($L37=1, $J37, NA()) -> #N/A | Q37: =IF($L37=1, $M37, NA()) -> #N/A | R37: =--(J37 <=#REF!) -> #REF! | S37: =--(M37 >=#REF!) -> #REF!
... J251: 9 | L251: 0 | M251: 95.24 | N251: =IF($L251=0, $J251, NA()) -> 9 | O251: =IF($L251=0, $M251, NA()) -> 95.24 | P251: =IF($L251=1, $J251, NA()) -> #N/A | Q251: =IF($L251=1, $M251, NA()) -> #N/A | R251: =--(J251 <=#REF!) -> #REF! | S251: =--(M251 >=#REF!) -> #REF!

Sheet 2.5 Payment<>Churn
A1: PaymentMethod | B1: ContractType | C1: Churn
A2: Credit Card | B2: 1-Year | C2: 1 | E2: ContractType | F2: Churn | G2: No Churn
A3: Credit Card | B3: 1-Year | C3: 1 | E3: Credit Card | F3: =COUNTIFS($A$2:$A$251,$E3,$C$2:$C$251,1) -> 43 | G3: =COUNTIFS($A$2:$A$251,$E3, $C$2:$C$251,0) -> 47
A4: Bank Transfer | B4: Month-to-Month | C4: 0 | E4: Bank Transfer | F4: =COUNTIFS($A$2:$A$251,$E4,$C$2:$C$251,1) -> 38 | G4: =COUNTIFS($A$2:$A$251,$E4, $C$2:$C$251,0) -> 41
A5: PayPal | B5: Month-to-Month | C5: 1 | E5: PayPal | F5: =COUNTIFS($A$2:$A$251,$E5,$C$2:$C$251,1) -> 37 | G5: =COUNTIFS($A$2:$A$251,$E5, $C$2:$C$251,0) -> 44
A6: Bank Transfer | B6: 1-Year | C6: 1
A7: PayPal | B7: Month-to-Month | C7: 1
A8: Credit Card | B8: 1-Year | C8: 1
A9: PayPal | B9: Month-to-Month | C9: 0
A10: Bank Transfer | B10: Month-to-Month | C10: 1
A11: Credit Card | B11: Month-to-Month | C11: 0
A12: Bank Transfer | B12: Month-to-Month | C12: 0
A13: Bank Transfer | B13: 1-Year | C13: 0
A14: PayPal | B14: Month-to-Month | C14: 0
A15: Bank Transfer | B15: Month-to-Month | C15: 1
A16: PayPal | B16: Month-to-Month | C16: 0
A17: Credit Card | B17: Month-to-Month | C17: 1
... A251: Bank Transfer | B251: 1-Year | C251: 0

Sheet 2.6 Age_Churn
A1: AgeNoChurn | B1: Churn | C1: AgeChurn | D1: Churn
A2: 46 | B2: 0 | C2: 56 | D2: 1
A3: 56 | B3: 0 | C3: 69 | D3: 1
A4: 40 | B4: 0 | C4: 32 | D4: 1
A5: 28 | B5: 0 | C5: 60 | D5: 1
A6: 28 | B6: 0 | C6: 25 | D6: 1
A7: 41 | B7: 0 | C7: 38 | D7: 1
A8: 57 | B8: 0 | C8: 36 | D8: 1
A9: 20 | B9: 0 | C9: 53 | D9: 1
A10: 39 | B10: 0 | C10: 41 | D10: 1
A11: 61 | B11: 0 | C11: 19 | D11: 1
A12: 19 | B12: 0 | C12: 41 | D12: 1
A13: 38 | B13: 0 | C13: 47 | D13: 1
... A119: 29 | B119: 0 | C119: 22 | D119: 1
A120: 56 | B120: 0
A121: 54 | B121: 0
A122: 66 | B122: 0
A123: 66 | B123: 0
A124: 45 | B124: 0
A125: 40 | B125: 0
A126: 54 | B126: 0
A127: 18 | B127: 0
A128: 36 | B128: 0
A129: 19 | B129: 0
A130: 43 | B130: 0
A131: 49 | B131: 0
... A133: 69 | B133: 0

Sheet 2.7 SatChurn
D1: SPChurn | E1: Churn | F1: X_No | G1: No Churn | H1: 0.03 | I1: X_Yes | J1: Churn
D2: 2 | E2: 1 | F2: =IF($E2=0,$D2,NA()) -> #N/A | G2: =IF($E2=0,$E2 + (RAND()-0.5)*$H$1, NA()) -> #N/A | I2: =IF($E2=1,$D2,NA()) -> 2 | J2: =IF($E2=1,$E2 + (RAND()-0.5)*$H$1, NA()) -> 1.0015782
D3: 1 | E3: 1 | F3: =IF($E3=0,$D3,NA()) -> #N/A | G3: =IF($E3=0,$E3 + (RAND()-0.5)*$H$1, NA()) -> #N/A | I3: =IF($E3=1,$D3,NA()) -> 1 | J3: =IF($E3=1,$E3 + (RAND()-0.5)*$H$1, NA()) -> 1.0020921
D4: 1 | E4: 1 | F4: =IF($E4=0,$D4,NA()) -> #N/A | G4: =IF($E4=0,$E4 + (RAND()-0.5)*$H$1, NA()) -> #N/A | I4: =IF($E4=1,$D4,NA()) -> 1 | J4: =IF($E4=1,$E4 + (RAND()-0.5)*$H$1, NA()) -> 1.0118584
D5: 3 | E5: 1 | F5: =IF($E5=0,$D5,NA()) -> #N/A | G5: =IF($E5=0,$E5 + (RAND()-0.5)*$H$1, NA()) -> #N/A | I5: =IF($E5=1,$D5,NA()) -> 3 | J5: =IF($E5=1,$E5 + (RAND()-0.5)*$H$1, NA()) -> 0.98666747
D6: 2 | E6: 1 | F6: =IF($E6=0,$D6,NA()) -> #N/A | G6: =IF($E6=0,$E6 + (RAND()-0.5)*$H$1, NA()) -> #N/A | I6: =IF($E6=1,$D6,NA()) -> 2 | J6: =IF($E6=1,$E6 + (RAND()-0.5)*$H$1, NA()) -> 1.0142235
D7: 2 | E7: 1 | F7: =IF($E7=0,$D7,NA()) -> #N/A | G7: =IF($E7=0,$E7 + (RAND()-0.5)*$H$1, NA()) -> #N/A | I7: =IF($E7=1,$D7,NA()) -> 2 | J7: =IF($E7=1,$E7 + (RAND()-0.5)*$H$1, NA()) -> 0.98631514
D8: 0 | E8: 1 | F8: =IF($E8=0,$D8,NA()) -> #N/A | G8: =IF($E8=0,$E8 + (RAND()-0.5)*$H$1, NA()) -> #N/A | I8: =IF($E8=1,$D8,NA()) -> 0 | J8: =IF($E8=1,$E8 + (RAND()-0.5)*$H$1, NA()) -> 1.0147141
D9: 1 | E9: 1 | F9: =IF($E9=0,$D9,NA()) -> #N/A | G9: =IF($E9=0,$E9 + (RAND()-0.5)*$H$1, NA()) -> #N/A | I9: =IF($E9=1,$D9,NA()) -> 1 | J9: =IF($E9=1,$E9 + (RAND()-0.5)*$H$1, NA()) -> 0.9952062
D10: 3 | E10: 1 | F10: =IF($E10=0,$D10,NA()) -> #N/A | G10: =IF($E10=0,$E10 + (RAND()-0.5)*$H$1, NA()) -> #N/A | I10: =IF($E10=1,$D10,NA()) -> 3 | J10: =IF($E10=1,$E10 + (RAND()-0.5)*$H$1, NA()) -> 1.0002654
D11: 6 | E11: 1 | F11: =IF($E11=0,$D11,NA()) -> #N/A | G11: =IF($E11=0,$E11 + (RAND()-0.5)*$H$1, NA()) -> #N/A | I11: =IF($E11=1,$D11,NA()) -> 6 | J11: =IF($E11=1,$E11 + (RAND()-0.5)*$H$1, NA()) -> 1.0106175
D12: 3 | E12: 1 | F12: =IF($E12=0,$D12,NA()) -> #N/A | G12: =IF($E12=0,$E12 + (RAND()-0.5)*$H$1, NA()) -> #N/A | I12: =IF($E12=1,$D12,NA()) -> 3 | J12: =IF($E12=1,$E12 + (RAND()-0.5)*$H$1, NA()) -> 0.99807514
D13: 1 | E13: 1 | F13: =IF($E13=0,$D13,NA()) -> #N/A | G13: =IF($E13=0,$E13 + (RAND()-0.5)*$H$1, NA()) -> #N/A | I13: =IF($E13=1,$D13,NA()) -> 1 | J13: =IF($E13=1,$E13 + (RAND()-0.5)*$H$1, NA()) -> 0.99076969
... D251: 9 | E251: 0 | F251: =IF($E251=0,$D251,NA()) -> 9 | G251: =IF($E251=0,$E251 + (RAND()-0.5)*$H$1, NA()) -> -0.00040500075 | I251: =IF($E251=1,$D251,NA()) -> #N/A | J251: =IF($E251=1,$E251 + (RAND()-0.5)*$H$1, NA()) -> #N/A

Sheet 2.8 Diagnostic - Tenure, Sat
H2: Churn rate | K2: Churn rate
A3: Row Labels | B3: Count of CustomerID | C3: Average of Churn | E3: Average Churn | G3: >24m | H3: 0.44654088 | J3: 1–4 | K3: 0.63
A4: 1–4 | B4: 108 | C4: 0.62962963 | E4: =118/250 -> 0.472 | G4: 0–3m | H4: 0.6 | J4: 5–6 | K4: 0.32
A5: 5–6 | B5: 44 | C5: 0.31818182 | G5: 13–24m | H5: 0.50980392 | J5: 7–8 | K5: 0.4
A6: 7–8 | B6: 53 | C6: 0.39622642 | G6: 4–6m | H6: 0.5 | J6: 9–10 | K6: 0.33
A7: 9–10 | B7: 45 | C7: 0.33333333 | G7: 7–12m | H7: 0.5
A8: Grand Total | B8: 250 | C8: 0.472 | K8: Lift
J9: 1-4 | K9: 1.33
J10: 5-6 | K10: 0.67
J11: 7-8 | K11: 0.84
J12: 9-10 | K12: 0.71
A23: TenureBucket | B23: Customers | C23: Churners | D23: Churn rate | E23: Coverage | F23: Lift | H23: SatisfactionBand | I23: Customers | J23: Churners | K23: Churn rate | L23: Coverage | M23: Lift
A24: 0-3m | B24: 10 | C24: 6 | D24: =C24/B24 -> 0.6 | E24: =C24/$C$29 -> 0.050847458 | F24: =D24/$D$29 -> 1.2711864 | H24: 1–4 | I24: 108 | J24: =I24*K24 -> 68 | K24: =GETPIVOTDATA("Average of Churn",$A$3,"SatBand","1–4") -> 0.62962963 | L24: =J24/J28 -> 0.57627119 | M24: =K24/$K$28 -> 1.3339611
A25: 4-6m | B25: 8 | C25: 4 | D25: =C25/B25 -> 0.5 | E25: =C25/$C$29 -> 0.033898305 | F25: =D25/$D$29 -> 1.059322 | H25: 5–6 | I25: 44 | J25: =I25*K25 -> 14 | K25: =GETPIVOTDATA("Average of Churn",$A$3,"SatBand","5–6") -> 0.31818182 | L25: =J25/J28 -> 0.11864407 | M25: =K25/$K$28 -> 0.67411402
A26: 7-12m | B26: 22 | C26: 11 | D26: =C26/B26 -> 0.5 | E26: =C26/$C$29 -> 0.093220339 | F26: =D26/$D$29 -> 1.059322 | H26: 7–8 | I26: 53 | J26: =I26*K26 -> 21 | K26: =GETPIVOTDATA("Average of Churn",$A$3,"SatBand","7–8") -> 0.39622642 | L26: =J26/J28 -> 0.1779661 | M26: =K26/$K$28 -> 0.83946274
A27: 13-24m | B27: 51 | C27: 26 | D27: =C27/B27 -> 0.50980392 | E27: =C27/$C$29 -> 0.22033898 | F27: =D27/$D$29 -> 1.0800931 | H27: 9–10 | I27: 45 | J27: =I27*K27 -> 15 | K27: =GETPIVOTDATA("Average of Churn",$A$3,"SatBand","9–10") -> 0.33333333 | L27: =J27/J28 -> 0.12711864 | M27: =K27/$K$28 -> 0.70621469
A28: >24 | B28: 159 | C28: 71 | D28: =C28/B28 -> 0.44654088 | E28: =C28/$C$29 -> 0.60169492 | F28: =D28/$D$29 -> 0.94606119 | H28: Total | I28: =SUM(I24:I27) -> 250 | J28: =SUM(J24:J27) -> 118 | K28: =E4 -> 0.472 | L28: =J28/J28 -> 1 | M28: =K28/K28 -> 1
A29: Total | B29: =SUM(B24:B28) -> 250 | C29: =SUM(C24:C28) -> 118 | D29: =E4 -> 0.472 | E29: =SUM(E24:E28) -> 1 | F29: =D29/D29 -> 1

Sheet 2.9Diagnostic - MonthlyQ,UsageQ
A1: CustomerID | B1: Age | C1: Gender | D1: Tenure | E1: MonthlyCharges | F1: ContractType | G1: PaymentMethod | H1: SupportTickets | I1: ServiceUsage | J1: SatisfactionScore | K1: TotalSpend | L1: Churn | M1: TenureBand | N1: SatBand | O1: UsageBand | P1: MonthQ | R1: Row Labels | S1: Count of CustomerID | T1: Average of Churn | X1: Churn rate | Z1: Lift | AC1: Churn rate | AE1: Lift
A2: 1 | B2: 56 | C2: Female | D2: 58 | E2: 28.27 | F2: 1-Year | G2: Credit Card | H2: 2 | I2: 52.7 | J2: 6 | K2: 1614.09 | L2: 1 | M2: >24m | N2: 5–6 | O2: {=_xlfn.IFS( I2 <= $Q$2, "Low", I2 <= $Q$3, "Mid-Low", I2 <= $Q$4, "Mid-High", TRUE, "High" )} -> Mid-High | P2: Q1 | Q2: =_xlfn.PERCENTILE.INC(I2:I251,0.25) -> 26.4 | R2: High | S2: 79 | T2: 0.51898734 | W2: Q1 | X2: 0.48 | Y2: Q1 | Z2: 1.01 | AB2: High | AC2: 0.52 | AD2: High | AE2: 1.1
A3: 2 | B3: 69 | C3: Female | D3: 63 | E3: 107.67 | F3: 1-Year | G3: Credit Card | H3: 1 | I3: 16.8 | J3: 1 | K3: 6505.15 | L3: 1 | M3: >24m | N3: 1–4 | O3: {=_xlfn.IFS( I3 <= $Q$2, "Low", I3 <= $Q$3, "Mid-Low", I3 <= $Q$4, "Mid-High", TRUE, "High" )} -> Low | P3: Q4 | Q3: =_xlfn.PERCENTILE.INC(I2:I251,0.5) -> 50.9 | R3: Low | S3: 9 | T3: 0.55555556 | W3: Q2 | X3: 0.47 | Y3: Q2 | Z3: 0.99 | AB3: Mid-High | AC3: 0.44 | AD3: Mid-High | AE3: 0.95
A4: 3 | B4: 46 | C4: Female | D4: 62 | E4: 75.16 | F4: Month-to-Month | G4: Bank Transfer | H4: 1 | I4: 41.6 | J4: 5 | K4: 4646.87 | L4: 0 | M4: >24m | N4: 5–6 | O4: {=_xlfn.IFS( I4 <= $Q$2, "Low", I4 <= $Q$3, "Mid-Low", I4 <= $Q$4, "Mid-High", TRUE, "High" )} -> Mid-Low | P4: Q3 | Q4: =_xlfn.PERCENTILE.INC(I2:I251,0.75) -> 75.75 | R4: Mid-High | S4: 162 | T4: 0.44444444 | W4: Q3 | X4: 0.43 | Y4: Q3 | Z4: 0.91 | AB4: Low | AC4: 0.56 | AD4: Low | AE4: 1.18
A5: 4 | B5: 32 | C5: Male | D5: 22 | E5: 36.48 | F5: Month-to-Month | G5: PayPal | H5: 1 | I5: 66.1 | J5: 3 | K5: 814.95 | L5: 1 | M5: 13–24m | N5: 1–4 | O5: {=_xlfn.IFS( I5 <= $Q$2, "Low", I5 <= $Q$3, "Mid-Low", I5 <= $Q$4, "Mid-High", TRUE, "High" )} -> Mid-High | P5: Q1 | R5: Grand Total | S5: 250 | T5: 0.472 | W5: Q4 | X5: 0.52 | Y5: Q4 | Z5: 1.09
A6: 5 | B6: 60 | C6: Male | D6: 58 | E6: 61.13 | F6: 1-Year | G6: Bank Transfer | H6: 3 | I6: 79.1 | J6: 1 | K6: 3222 | L6: 1 | M6: >24m | N6: 1–4 | O6: {=_xlfn.IFS( I6 <= $Q$2, "Low", I6 <= $Q$3, "Mid-Low", I6 <= $Q$4, "Mid-High", TRUE, "High" )} -> High | P6: Q2
A7: 6 | B7: 25 | C7: Female | D7: 58 | E7: 97.76 | F7: Month-to-Month | G7: PayPal | H7: 2 | I7: 25.6 | J7: 4 | K7: 5242.56 | L7: 1 | M7: >24m | N7: 1–4 | O7: {=_xlfn.IFS( I7 <= $Q$2, "Low", I7 <= $Q$3, "Mid-Low", I7 <= $Q$4, "Mid-High", TRUE, "High" )} -> Low | P7: Q4
A8: 7 | B8: 38 | C8: Female | D8: 49 | E8: 68.04 | F8: 1-Year | G8: Credit Card | H8: 2 | I8: 18.1 | J8: 2 | K8: 3373.06 | L8: 1 | M8: >24m | N8: 1–4 | O8: {=_xlfn.IFS( I8 <= $Q$2, "Low", I8 <= $Q$3, "Mid-Low", I8 <= $Q$4, "Mid-High", TRUE, "High" )} -> Low | P8: Q2
A9: 8 | B9: 56 | C9: Male | D9: 52 | E9: 118.53 | F9: Month-to-Month | G9: PayPal | H9: 3 | I9: 68 | J9: 2 | K9: 5970.23 | L9: 0 | M9: >24m | N9: 1–4 | O9: {=_xlfn.IFS( I9 <= $Q$2, "Low", I9 <= $Q$3, "Mid-Low", I9 <= $Q$4, "Mid-High", TRUE, "High" )} -> Mid-High | P9: Q4 | U9: MonthlyQ | V9: Customers | W9: Churners | X9: Churn rate | Y9: Coverage | Z9: Lift | AB9: UsageQ | AC9: Customers | AD9: Churners | AE9: Churn rate | AF9: Coverage | AG9: Lift
A10: 9 | B10: 36 | C10: Male | D10: 42 | E10: 57.67 | F10: Month-to-Month | G10: Bank Transfer | H10: 0 | I10: 5.2 | J10: 3 | K10: 2533.16 | L10: 1 | M10: >24m | N10: 1–4 | O10: {=_xlfn.IFS( I10 <= $Q$2, "Low", I10 <= $Q$3, "Mid-Low", I10 <= $Q$4, "Mid-High", TRUE, "High" )} -> Low | P10: Q2 | U10: Q1 | V10: 63 | W10: =V10*X10 -> #REF! | X10: =GETPIVOTDATA("Average of Churn",$R$1,"MonthQ","Q1") -> #REF! | Y10: =W10/$W$14 -> #REF! | Z10: =X10/$X$14 -> #REF! | AB10: High | AC10: 79 | AD10: =AC10*AE10 -> 41 | AE10: =GETPIVOTDATA("Average of Churn",$R$1,"UsageBand","High") -> 0.51898734 | AF10: =AD10/$AD$13 -> 0.34745763 | AG10: =AE10/$AE$13 -> 1.1042284
A11: 10 | B11: 40 | C11: Female | D11: 70 | E11: 94.96 | F11: Month-to-Month | G11: Credit Card | H11: 5 | I11: 21.9 | J11: 8 | K11: 6849.66 | L11: 0 | M11: >24m | N11: 7–8 | O11: {=_xlfn.IFS( I11 <= $Q$2, "Low", I11 <= $Q$3, "Mid-Low", I11 <= $Q$4, "Mid-High", TRUE, "High" )} -> Low | P11: Q3 | U11: Q2 | V11: 62 | W11: =V11*X11 -> #REF! | X11: =GETPIVOTDATA("Average of Churn",$R$1,"MonthQ","Q2") -> #REF! | Y11: =W11/$W$14 -> #REF! | Z11: =X11/$X$14 -> #REF! | AB11: Mid-High | AC11: 162 | AD11: =AC11*AE11 -> 72 | AE11: =GETPIVOTDATA("Average of Churn",$R$1,"UsageBand","Mid-High") -> 0.44444444 | AF11: =AD11/$AD$13 -> 0.61016949 | AG11: =AE11/$AE$13 -> 0.94562648
A12: 11 | B12: 28 | C12: Male | D12: 15 | E12: 59.3 | F12: Month-to-Month | G12: Bank Transfer | H12: 1 | I12: 7.8 | J12: 8 | K12: 950.98 | L12: 0 | M12: 13–24m | N12: 7–8 | O12: {=_xlfn.IFS( I12 <= $Q$2, "Low", I12 <= $Q$3, "Mid-Low", I12 <= $Q$4, "Mid-High", TRUE, "High" )} -> Low | P12: Q2 | U12: Q3 | V12: 65 | W12: =V12*X12 -> #REF! | X12: =GETPIVOTDATA("Average of Churn",$R$1,"MonthQ","Q3") -> #REF! | Y12: =W12/$W$14 -> #REF! | Z12: =X12/$X$14 -> #REF! | AB12: Low | AC12: 9 | AD12: =AC12*AE12 -> 5 | AE12: =GETPIVOTDATA("Average of Churn",$R$1,"UsageBand","Low") -> 0.55555556 | AF12: =AD12/$AD$13 -> 0.042372881 | AG12: =AE12/$AE$13 -> 1.1820331
A13: 12 | B13: 28 | C13: Female | D13: 54 | E13: 102.92 | F13: 1-Year | G13: Bank Transfer | H13: 3 | I13: 20.9 | J13: 7 | K13: 5771.64 | L13: 0 | M13: >24m | N13: 7–8 | O13: {=_xlfn.IFS( I13 <= $Q$2, "Low", I13 <= $Q$3, "Mid-Low", I13 <= $Q$4, "Mid-High", TRUE, "High" )} -> Low | P13: Q4 | U13: Q4 | V13: 60 | W13: =V13*X13 -> #REF! | X13: =GETPIVOTDATA("Average of Churn",$R$1,"MonthQ","Q4") -> #REF! | Y13: =W13/$W$14 -> #REF! | Z13: =X13/$X$14 -> #REF! | AB13: Total | AC13: =SUM(AC10:AC12) -> 250 | AD13: =SUM(AD10:AD12) -> 118 | AE13: 0.47 | AF13: =AD13/AD13 -> 1 | AG13: =AE13/AE13 -> 1
A14: 13 | B14: 41 | C14: Female | D14: 60 | E14: 76.91 | F14: Month-to-Month | G14: PayPal | H14: 0 | I14: 22.2 | J14: 6 | K14: 4549.93 | L14: 0 | M14: >24m | N14: 5–6 | O14: {=_xlfn.IFS( I14 <= $Q$2, "Low", I14 <= $Q$3, "Mid-Low", I14 <= $Q$4, "Mid-High", TRUE, "High" )} -> Low | P14: Q3 | U14: Total | V14: =SUM(V10:V13) -> 250 | W14: =SUM(W10:W13) -> #REF! | X14: =GETPIVOTDATA("Average of Churn",$R$1) -> 0.472 | Y14: =W14/W14 -> #REF! | Z14: =X14/X14 -> 1
A15: 14 | B15: 53 | C15: Male | D15: 8 | E15: 26.35 | F15: Month-to-Month | G15: Bank Transfer | H15: 1 | I15: 41.8 | J15: 9 | K15: 218.09 | L15: 1 | M15: 7–12m | N15: 9–10 | O15: {=_xlfn.IFS( I15 <= $Q$2, "Low", I15 <= $Q$3, "Mid-Low", I15 <= $Q$4, "Mid-High", TRUE, "High" )} -> Mid-Low | P15: Q1
A16: 15 | B16: 57 | C16: Male | D16: 53 | E16: 23.68 | F16: Month-to-Month | G16: PayPal | H16: 1 | I16: 43.2 | J16: 4 | K16: 1198.66 | L16: 0 | M16: >24m | N16: 1–4 | O16: {=_xlfn.IFS( I16 <= $Q$2, "Low", I16 <= $Q$3, "Mid-Low", I16 <= $Q$4, "Mid-High", TRUE, "High" )} -> Mid-Low | P16: Q1
A17: 16 | B17: 41 | C17: Female | D17: 60 | E17: 33.39 | F17: Month-to-Month | G17: Credit Card | H17: 3 | I17: 88.1 | J17: 1 | K17: 1925.79 | L17: 1 | M17: >24m | N17: 1–4 | O17: {=_xlfn.IFS( I17 <= $Q$2, "Low", I17 <= $Q$3, "Mid-Low", I17 <= $Q$4, "Mid-High", TRUE, "High" )} -> High | P17: Q1
A18: 17 | B18: 20 | C18: Female | D18: 5 | E18: 21.37 | F18: 1-Year | G18: PayPal | H18: 3 | I18: 53.5 | J18: 8 | K18: 113.03 | L18: 0 | M18: 4–6m | N18: 7–8 | O18: {=_xlfn.IFS( I18 <= $Q$2, "Low", I18 <= $Q$3, "Mid-Low", I18 <= $Q$4, "Mid-High", TRUE, "High" )} -> Mid-High | P18: Q1
A19: 18 | B19: 39 | C19: Male | D19: 68 | E19: 27.54 | F19: Month-to-Month | G19: Credit Card | H19: 2 | I19: 73.7 | J19: 7 | K19: 1852.65 | L19: 0 | M19: >24m | N19: 7–8 | O19: {=_xlfn.IFS( I19 <= $Q$2, "Low", I19 <= $Q$3, "Mid-Low", I19 <= $Q$4, "Mid-High", TRUE, "High" )} -> Mid-High | P19: Q1
A20: 19 | B20: 19 | C20: Female | D20: 6 | E20: 89.17 | F20: Month-to-Month | G20: PayPal | H20: 6 | I20: 14.9 | J20: 7 | K20: 566.95 | L20: 1 | M20: 4–6m | N20: 7–8 | O20: {=_xlfn.IFS( I20 <= $Q$2, "Low", I20 <= $Q$3, "Mid-Low", I20 <= $Q$4, "Mid-High", TRUE, "High" )} -> Low | P20: Q3
A21: 20 | B21: 41 | C21: Male | D21: 47 | E21: 73.43 | F21: Month-to-Month | G21: Bank Transfer | H21: 3 | I21: 26.4 | J21: 3 | K21: 3673.76 | L21: 1 | M21: >24m | N21: 1–4 | O21: {=_xlfn.IFS( I21 <= $Q$2, "Low", I21 <= $Q$3, "Mid-Low", I21 <= $Q$4, "Mid-High", TRUE, "High" )} -> Low | P21: Q2
A22: 21 | B22: 61 | C22: Female | D22: 55 | E22: 94.99 | F22: 1-Year | G22: PayPal | H22: 4 | I22: 71.8 | J22: 4 | K22: 5598.06 | L22: 0 | M22: >24m | N22: 1–4 | O22: {=_xlfn.IFS( I22 <= $Q$2, "Low", I22 <= $Q$3, "Mid-Low", I22 <= $Q$4, "Mid-High", TRUE, "High" )} -> Mid-High | P22: Q3
A23: 22 | B23: 47 | C23: Male | D23: 40 | E23: 111.32 | F23: Month-to-Month | G23: PayPal | H23: 1 | I23: 10 | J23: 10 | K23: 4823.84 | L23: 1 | M23: >24m | N23: 9–10 | O23: {=_xlfn.IFS( I23 <= $Q$2, "Low", I23 <= $Q$3, "Mid-Low", I23 <= $Q$4, "Mid-High", TRUE, "High" )} -> Low | P23: Q4
A24: 23 | B24: 55 | C24: Male | D24: 52 | E24: 78.51 | F24: 1-Year | G24: Credit Card | H24: 0 | I24: 51.2 | J24: 9 | K24: 4026.17 | L24: 1 | M24: >24m | N24: 9–10 | O24: {=_xlfn.IFS( I24 <= $Q$2, "Low", I24 <= $Q$3, "Mid-Low", I24 <= $Q$4, "Mid-High", TRUE, "High" )} -> Mid-High | P24: Q3
A25: 24 | B25: 19 | C25: Male | D25: 16 | E25: 92.61 | F25: 2-Year | G25: Bank Transfer | H25: 1 | I25: 61.9 | J25: 6 | K25: 1428.08 | L25: 0 | M25: 13–24m | N25: 5–6 | O25: {=_xlfn.IFS( I25 <= $Q$2, "Low", I25 <= $Q$3, "Mid-Low", I25 <= $Q$4, "Mid-High", TRUE, "High" )} -> Mid-High | P25: Q3
A26: 25 | B26: 38 | C26: Female | D26: 13 | E26: 95.71 | F26: Month-to-Month | G26: PayPal | H26: 1 | I26: 62.2 | J26: 5 | K26: 1264.68 | L26: 0 | M26: 13–24m | N26: 5–6 | O26: {=_xlfn.IFS( I26 <= $Q$2, "Low", I26 <= $Q$3, "Mid-Low", I26 <= $Q$4, "Mid-High", TRUE, "High" )} -> Mid-High | P26: Q4
... A251: 250 | B251: 69 | C251: Male | D251: 66 | E251: 95.24 | F251: 1-Year | G251: Bank Transfer | H251: 5 | I251: 46.4 | J251: 9 | K251: 6712.45 | L251: 0 | M251: >24m | N251: 9–10 | O251: {=_xlfn.IFS( I251 <= $Q$2, "Low", I251 <= $Q$3, "Mid-Low", I251 <= $Q$4, "Mid-High", TRUE, "High" )} -> Mid-Low | P251: Q4

Sheet 2.10 Diagnostic-Contractype
A1: CustomerID | B1: Age | C1: Gender | D1: Tenure | E1: MonthlyCharges | F1: ContractType | G1: PaymentMethod | H1: SupportTickets | I1: ServiceUsage | J1: SatisfactionScore | K1: TotalSpend | L1: Churn | M1: TenureBand | N1: SatBand | O1: UsageBand | P1: MonthQ | R1: Row Labels | S1: Count of CustomerID | T1: Average of Churn | W1: Churn rate | Y1: Lift | AB1: Churn rate | AD1: Lift
A2: 1 | B2: 56 | C2: Female | D2: 58 | E2: 28.27 | F2: 1-Year | G2: Credit Card | H2: 2 | I2: 52.7 | J2: 6 | K2: 1614.09 | L2: 1 | M2: >24m | N2: 5–6 | O2: Mid-High | P2: Q1 | R2: 1-Year | S2: 72 | T2: 0.41666667 | V2: High | W2: 0.6 | X2: High | Y2: 1.28 | AA2: 1-year | AB2: 0.42 | AC2: 1-year | AD2: 0.88
A3: 2 | B3: 69 | C3: Female | D3: 63 | E3: 107.67 | F3: 1-Year | G3: Credit Card | H3: 1 | I3: 16.8 | J3: 1 | K3: 6505.15 | L3: 1 | M3: >24m | N3: 1–4 | O3: Low | P3: Q4 | R3: 2-Year | S3: 33 | T3: 0.42424242 | V3: Mid-High | W3: 0.5 | X3: Mid-High | Y3: 1.06 | AA3: 2-year | AB3: 0.42 | AC3: 2-year | AD3: 0.9
A4: 3 | B4: 46 | C4: Female | D4: 62 | E4: 75.16 | F4: Month-to-Month | G4: Bank Transfer | H4: 1 | I4: 41.6 | J4: 5 | K4: 4646.87 | L4: 0 | M4: >24m | N4: 5–6 | O4: Mid-Low | P4: Q3 | R4: Month-to-Month | S4: 145 | T4: 0.51034483 | V4: Mid-Low | W4: 0.35 | X4: Mid-Low | Y4: 0.74 | AA4: Month to Month | AB4: 0.51 | AC4: Month to month | AD4: 1.08
A5: 4 | B5: 32 | C5: Male | D5: 22 | E5: 36.48 | F5: Month-to-Month | G5: PayPal | H5: 1 | I5: 66.1 | J5: 3 | K5: 814.95 | L5: 1 | M5: 13–24m | N5: 1–4 | O5: Mid-High | P5: Q1 | R5: Grand Total | S5: 250 | T5: 0.472 | V5: Low | W5: 0.43 | X5: Low | Y5: 0.92
A6: 5 | B6: 60 | C6: Male | D6: 58 | E6: 61.13 | F6: 1-Year | G6: Bank Transfer | H6: 3 | I6: 79.1 | J6: 1 | K6: 3222 | L6: 1 | M6: >24m | N6: 1–4 | O6: High | P6: Q2
A7: 6 | B7: 25 | C7: Female | D7: 58 | E7: 97.76 | F7: Month-to-Month | G7: PayPal | H7: 2 | I7: 25.6 | J7: 4 | K7: 5242.56 | L7: 1 | M7: >24m | N7: 1–4 | O7: Low | P7: Q4
A8: 7 | B8: 38 | C8: Female | D8: 49 | E8: 68.04 | F8: 1-Year | G8: Credit Card | H8: 2 | I8: 18.1 | J8: 2 | K8: 3373.06 | L8: 1 | M8: >24m | N8: 1–4 | O8: Low | P8: Q2
A9: 8 | B9: 56 | C9: Male | D9: 52 | E9: 118.53 | F9: Month-to-Month | G9: PayPal | H9: 3 | I9: 68 | J9: 2 | K9: 5970.23 | L9: 0 | M9: >24m | N9: 1–4 | O9: Mid-High | P9: Q4 | R9: UsageQ | S9: Customers | T9: Churners | U9: Churn rate | V9: Coverage | W9: Lift | Y9: ContractType | Z9: Customers | AA9: Churners | AB9: Churn rate | AC9: Coverage | AD9: Lift
A10: 9 | B10: 36 | C10: Male | D10: 42 | E10: 57.67 | F10: Month-to-Month | G10: Bank Transfer | H10: 0 | I10: 5.2 | J10: 3 | K10: 2533.16 | L10: 1 | M10: >24m | N10: 1–4 | O10: Low | P10: Q2 | R10: High | S10: 63 | T10: =S10*U10 -> #REF! | U10: =GETPIVOTDATA("Average of Churn",$R$1,"UsageBand","High") -> #REF! | V10: =T10/$T$14 -> #REF! | W10: =U10/$U$14 -> #REF! | Y10: 1-year | Z10: 72 | AA10: =Z10*AB10 -> 30 | AB10: =GETPIVOTDATA("Average of Churn",$R$1,"ContractType","1-Year") -> 0.41666667 | AC10: =AA10/$AA$13 -> 0.25423729 | AD10: =AB10/$AB$13 -> 0.88276836
A11: 10 | B11: 40 | C11: Female | D11: 70 | E11: 94.96 | F11: Month-to-Month | G11: Credit Card | H11: 5 | I11: 21.9 | J11: 8 | K11: 6849.66 | L11: 0 | M11: >24m | N11: 7–8 | O11: Low | P11: Q3 | R11: Mid-High | S11: 62 | T11: =S11*U11 -> #REF! | U11: =GETPIVOTDATA("Average of Churn",$R$1,"UsageBand","Mid-High") -> #REF! | V11: =T11/$T$14 -> #REF! | W11: =U11/$U$14 -> #REF! | Y11: 2-year | Z11: 33 | AA11: =Z11*AB11 -> 14 | AB11: =GETPIVOTDATA("Average of Churn",$R$1,"ContractType","2-Year") -> 0.42424242 | AC11: =AA11/$AA$13 -> 0.11864407 | AD11: =AB11/$AB$13 -> 0.8988187
A12: 11 | B12: 28 | C12: Male | D12: 15 | E12: 59.3 | F12: Month-to-Month | G12: Bank Transfer | H12: 1 | I12: 7.8 | J12: 8 | K12: 950.98 | L12: 0 | M12: 13–24m | N12: 7–8 | O12: Low | P12: Q2 | R12: Mid-Low | S12: 60 | T12: =S12*U12 -> #REF! | U12: =GETPIVOTDATA("Average of Churn",$R$1,"UsageBand","Mid-Low") -> #REF! | V12: =T12/$T$14 -> #REF! | W12: =U12/$U$14 -> #REF! | Y12: Month to Month | Z12: 145 | AA12: =Z12*AB12 -> 74 | AB12: =GETPIVOTDATA("Average of Churn",$R$1,"ContractType","Month-to-Month") -> 0.51034483 | AC12: =AA12/$AA$13 -> 0.62711864 | AD12: =AB12/$AB$13 -> 1.081239
A13: 12 | B13: 28 | C13: Female | D13: 54 | E13: 102.92 | F13: 1-Year | G13: Bank Transfer | H13: 3 | I13: 20.9 | J13: 7 | K13: 5771.64 | L13: 0 | M13: >24m | N13: 7–8 | O13: Low | P13: Q4 | R13: Low | S13: 65 | T13: =S13*U13 -> #REF! | U13: =GETPIVOTDATA("Average of Churn",$R$1,"UsageBand","Low") -> #REF! | V13: =T13/$T$14 -> #REF! | W13: =U13/$U$14 -> #REF! | Y13: Total | Z13: =SUM(Z10:Z12) -> 250 | AA13: =SUM(AA10:AA12) -> 118 | AB13: =GETPIVOTDATA("Average of Churn",$R$1) -> 0.472 | AC13: =AA13/AA13 -> 1 | AD13: =AB13/AB13 -> 1
A14: 13 | B14: 41 | C14: Female | D14: 60 | E14: 76.91 | F14: Month-to-Month | G14: PayPal | H14: 0 | I14: 22.2 | J14: 6 | K14: 4549.93 | L14: 0 | M14: >24m | N14: 5–6 | O14: Low | P14: Q3 | R14: Total | S14: =SUM(S10:S13) -> 250 | T14: =SUM(T10:T13) -> #REF! | U14: 0.47 | V14: =T14/$T$14 -> #REF! | W14: =U14/U14 -> 1
A15: 14 | B15: 53 | C15: Male | D15: 8 | E15: 26.35 | F15: Month-to-Month | G15: Bank Transfer | H15: 1 | I15: 41.8 | J15: 9 | K15: 218.09 | L15: 1 | M15: 7–12m | N15: 9–10 | O15: Mid-Low | P15: Q1
A16: 15 | B16: 57 | C16: Male | D16: 53 | E16: 23.68 | F16: Month-to-Month | G16: PayPal | H16: 1 | I16: 43.2 | J16: 4 | K16: 1198.66 | L16: 0 | M16: >24m | N16: 1–4 | O16: Mid-Low | P16: Q1
A17: 16 | B17: 41 | C17: Female | D17: 60 | E17: 33.39 | F17: Month-to-Month | G17: Credit Card | H17: 3 | I17: 88.1 | J17: 1 | K17: 1925.79 | L17: 1 | M17: >24m | N17: 1–4 | O17: High | P17: Q1
A18: 17 | B18: 20 | C18: Female | D18: 5 | E18: 21.37 | F18: 1-Year | G18: PayPal | H18: 3 | I18: 53.5 | J18: 8 | K18: 113.03 | L18: 0 | M18: 4–6m | N18: 7–8 | O18: Mid-High | P18: Q1
A19: 18 | B19: 39 | C19: Male | D19: 68 | E19: 27.54 | F19: Month-to-Month | G19: Credit Card | H19: 2 | I19: 73.7 | J19: 7 | K19: 1852.65 | L19: 0 | M19: >24m | N19: 7–8 | O19: Mid-High | P19: Q1
A20: 19 | B20: 19 | C20: Female | D20: 6 | E20: 89.17 | F20: Month-to-Month | G20: PayPal | H20: 6 | I20: 14.9 | J20: 7 | K20: 566.95 | L20: 1 | M20: 4–6m | N20: 7–8 | O20: Low | P20: Q3
A21: 20 | B21: 41 | C21: Male | D21: 47 | E21: 73.43 | F21: Month-to-Month | G21: Bank Transfer | H21: 3 | I21: 26.4 | J21: 3 | K21: 3673.76 | L21: 1 | M21: >24m | N21: 1–4 | O21: Low | P21: Q2
A22: 21 | B22: 61 | C22: Female | D22: 55 | E22: 94.99 | F22: 1-Year | G22: PayPal | H22: 4 | I22: 71.8 | J22: 4 | K22: 5598.06 | L22: 0 | M22: >24m | N22: 1–4 | O22: Mid-High | P22: Q3
A23: 22 | B23: 47 | C23: Male | D23: 40 | E23: 111.32 | F23: Month-to-Month | G23: PayPal | H23: 1 | I23: 10 | J23: 10 | K23: 4823.84 | L23: 1 | M23: >24m | N23: 9–10 | O23: Low | P23: Q4
A24: 23 | B24: 55 | C24: Male | D24: 52 | E24: 78.51 | F24: 1-Year | G24: Credit Card | H24: 0 | I24: 51.2 | J24: 9 | K24: 4026.17 | L24: 1 | M24: >24m | N24: 9–10 | O24: Mid-High | P24: Q3
A25: 24 | B25: 19 | C25: Male | D25: 16 | E25: 92.61 | F25: 2-Year | G25: Bank Transfer | H25: 1 | I25: 61.9 | J25: 6 | K25: 1428.08 | L25: 0 | M25: 13–24m | N25: 5–6 | O25: Mid-High | P25: Q3
A26: 25 | B26: 38 | C26: Female | D26: 13 | E26: 95.71 | F26: Month-to-Month | G26: PayPal | H26: 1 | I26: 62.2 | J26: 5 | K26: 1264.68 | L26: 0 | M26: 13–24m | N26: 5–6 | O26: Mid-High | P26: Q4
... A251: 250 | B251: 69 | C251: Male | D251: 66 | E251: 95.24 | F251: 1-Year | G251: Bank Transfer | H251: 5 | I251: 46.4 | J251: 9 | K251: 6712.45 | L251: 0 | M251: >24m | N251: 9–10 | O251: Mid-Low | P251: Q4

Sheet 2.11 Usage <> Sat
A1: ServiceUsage | B1: SatisfactionScore | C1: Churn | D1: X_no | E1: No churn | F1: X_yes | G1: Churn
A2: 52.7 | B2: 6 | C2: 1 | D2: =IF($C2=0, $A2, NA()) -> #N/A | E2: =IF($C2=0, B2, NA()) -> #N/A | F2: =IF($C2=1, A2, NA()) -> 52.7 | G2: =IF($C2=1, $B2, NA()) -> 6
A3: 16.8 | B3: 1 | C3: 1 | D3: =IF($C3=0, $A3, NA()) -> #N/A | E3: =IF($C3=0, B3, NA()) -> #N/A | F3: =IF($C3=1, A3, NA()) -> 16.8 | G3: =IF($C3=1, $B3, NA()) -> 1
A4: 41.6 | B4: 5 | C4: 0 | D4: =IF($C4=0, $A4, NA()) -> 41.6 | E4: =IF($C4=0, B4, NA()) -> 5 | F4: =IF($C4=1, A4, NA()) -> #N/A | G4: =IF($C4=1, $B4, NA()) -> #N/A
A5: 66.1 | B5: 3 | C5: 1 | D5: =IF($C5=0, $A5, NA()) -> #N/A | E5: =IF($C5=0, B5, NA()) -> #N/A | F5: =IF($C5=1, A5, NA()) -> 66.1 | G5: =IF($C5=1, $B5, NA()) -> 3
A6: 79.1 | B6: 1 | C6: 1 | D6: =IF($C6=0, $A6, NA()) -> #N/A | E6: =IF($C6=0, B6, NA()) -> #N/A | F6: =IF($C6=1, A6, NA()) -> 79.1 | G6: =IF($C6=1, $B6, NA()) -> 1
A7: 25.6 | B7: 4 | C7: 1 | D7: =IF($C7=0, $A7, NA()) -> #N/A | E7: =IF($C7=0, B7, NA()) -> #N/A | F7: =IF($C7=1, A7, NA()) -> 25.6 | G7: =IF($C7=1, $B7, NA()) -> 4
A8: 18.1 | B8: 2 | C8: 1 | D8: =IF($C8=0, $A8, NA()) -> #N/A | E8: =IF($C8=0, B8, NA()) -> #N/A | F8: =IF($C8=1, A8, NA()) -> 18.1 | G8: =IF($C8=1, $B8, NA()) -> 2
A9: 68 | B9: 2 | C9: 0 | D9: =IF($C9=0, $A9, NA()) -> 68 | E9: =IF($C9=0, B9, NA()) -> 2 | F9: =IF($C9=1, A9, NA()) -> #N/A | G9: =IF($C9=1, $B9, NA()) -> #N/A
A10: 5.2 | B10: 3 | C10: 1 | D10: =IF($C10=0, $A10, NA()) -> #N/A | E10: =IF($C10=0, B10, NA()) -> #N/A | F10: =IF($C10=1, A10, NA()) -> 5.2 | G10: =IF($C10=1, $B10, NA()) -> 3
A11: 21.9 | B11: 8 | C11: 0 | D11: =IF($C11=0, $A11, NA()) -> 21.9 | E11: =IF($C11=0, B11, NA()) -> 8 | F11: =IF($C11=1, A11, NA()) -> #N/A | G11: =IF($C11=1, $B11, NA()) -> #N/A
A12: 7.8 | B12: 8 | C12: 0 | D12: =IF($C12=0, $A12, NA()) -> 7.8 | E12: =IF($C12=0, B12, NA()) -> 8 | F12: =IF($C12=1, A12, NA()) -> #N/A | G12: =IF($C12=1, $B12, NA()) -> #N/A
A13: 20.9 | B13: 7 | C13: 0 | D13: =IF($C13=0, $A13, NA()) -> 20.9 | E13: =IF($C13=0, B13, NA()) -> 7 | F13: =IF($C13=1, A13, NA()) -> #N/A | G13: =IF($C13=1, $B13, NA()) -> #N/A
... A251: 46.4 | B251: 9 | C251: 0 | D251: =IF($C251=0, $A251, NA()) -> 46.4 | E251: =IF($C251=0, B251, NA()) -> 9 | F251: =IF($C251=1, A251, NA()) -> #N/A | G251: =IF($C251=1, $B251, NA()) -> #N/A

Sheet 2.12 Support Ticket <> Sat
A1: SupportTickets | B1: SatisfactionScore | C1: Churn | D1: X_no | E1: No churn | F1: X_yes | G1: Churn
A2: 2 | B2: 6 | C2: 1 | D2: =IF($C2=0, $A2, NA()) -> #N/A | E2: =IF($C2=0, B2, NA()) -> #N/A | F2: =IF($C2=1, A2, NA()) -> 2 | G2: =IF($C2=1, $B2, NA()) -> 6
A3: 1 | B3: 1 | C3: 1 | D3: =IF($C3=0, $A3, NA()) -> #N/A | E3: =IF($C3=0, B3, NA()) -> #N/A | F3: =IF($C3=1, A3, NA()) -> 1 | G3: =IF($C3=1, $B3, NA()) -> 1
A4: 1 | B4: 5 | C4: 0 | D4: =IF($C4=0, $A4, NA()) -> 1 | E4: =IF($C4=0, B4, NA()) -> 5 | F4: =IF($C4=1, A4, NA()) -> #N/A | G4: =IF($C4=1, $B4, NA()) -> #N/A
A5: 1 | B5: 3 | C5: 1 | D5: =IF($C5=0, $A5, NA()) -> #N/A | E5: =IF($C5=0, B5, NA()) -> #N/A | F5: =IF($C5=1, A5, NA()) -> 1 | G5: =IF($C5=1, $B5, NA()) -> 3
A6: 3 | B6: 1 | C6: 1 | D6: =IF($C6=0, $A6, NA()) -> #N/A | E6: =IF($C6=0, B6, NA()) -> #N/A | F6: =IF($C6=1, A6, NA()) -> 3 | G6: =IF($C6=1, $B6, NA()) -> 1
A7: 2 | B7: 4 | C7: 1 | D7: =IF($C7=0, $A7, NA()) -> #N/A | E7: =IF($C7=0, B7, NA()) -> #N/A | F7: =IF($C7=1, A7, NA()) -> 2 | G7: =IF($C7=1, $B7, NA()) -> 4
A8: 2 | B8: 2 | C8: 1 | D8: =IF($C8=0, $A8, NA()) -> #N/A | E8: =IF($C8=0, B8, NA()) -> #N/A | F8: =IF($C8=1, A8, NA()) -> 2 | G8: =IF($C8=1, $B8, NA()) -> 2
A9: 3 | B9: 2 | C9: 0 | D9: =IF($C9=0, $A9, NA()) -> 3 | E9: =IF($C9=0, B9, NA()) -> 2 | F9: =IF($C9=1, A9, NA()) -> #N/A | G9: =IF($C9=1, $B9, NA()) -> #N/A
A10: 0 | B10: 3 | C10: 1 | D10: =IF($C10=0, $A10, NA()) -> #N/A | E10: =IF($C10=0, B10, NA()) -> #N/A | F10: =IF($C10=1, A10, NA()) -> 0 | G10: =IF($C10=1, $B10, NA()) -> 3
A11: 5 | B11: 8 | C11: 0 | D11: =IF($C11=0, $A11, NA()) -> 5 | E11: =IF($C11=0, B11, NA()) -> 8 | F11: =IF($C11=1, A11, NA()) -> #N/A | G11: =IF($C11=1, $B11, NA()) -> #N/A
A12: 1 | B12: 8 | C12: 0 | D12: =IF($C12=0, $A12, NA()) -> 1 | E12: =IF($C12=0, B12, NA()) -> 8 | F12: =IF($C12=1, A12, NA()) -> #N/A | G12: =IF($C12=1, $B12, NA()) -> #N/A
A13: 3 | B13: 7 | C13: 0 | D13: =IF($C13=0, $A13, NA()) -> 3 | E13: =IF($C13=0, B13, NA()) -> 7 | F13: =IF($C13=1, A13, NA()) -> #N/A | G13: =IF($C13=1, $B13, NA()) -> #N/A
... A251: 5 | B251: 9 | C251: 0 | D251: =IF($C251=0, $A251, NA()) -> 5 | E251: =IF($C251=0, B251, NA()) -> 9 | F251: =IF($C251=1, A251, NA()) -> #N/A | G251: =IF($C251=1, $B251, NA()) -> #N/A

Sheet 2.13 Tenure <> MonthlyCharges
A1: Tenure | B1: MonthlyCharges | C1: Churn | D1: X_no | E1: No churn | F1: X_yes | G1: Churn
A2: 58 | B2: 28.27 | C2: 1 | D2: =IF($C2=0, $A2, NA()) -> #N/A | E2: =IF($C2=0, B2, NA()) -> #N/A | F2: =IF($C2=1, A2, NA()) -> 58 | G2: =IF($C2=1, $B2, NA()) -> 28.27
A3: 63 | B3: 107.67 | C3: 1 | D3: =IF($C3=0, $A3, NA()) -> #N/A | E3: =IF($C3=0, B3, NA()) -> #N/A | F3: =IF($C3=1, A3, NA()) -> 63 | G3: =IF($C3=1, $B3, NA()) -> 107.67
A4: 62 | B4: 75.16 | C4: 0 | D4: =IF($C4=0, $A4, NA()) -> 62 | E4: =IF($C4=0, B4, NA()) -> 75.16 | F4: =IF($C4=1, A4, NA()) -> #N/A | G4: =IF($C4=1, $B4, NA()) -> #N/A
A5: 22 | B5: 36.48 | C5: 1 | D5: =IF($C5=0, $A5, NA()) -> #N/A | E5: =IF($C5=0, B5, NA()) -> #N/A | F5: =IF($C5=1, A5, NA()) -> 22 | G5: =IF($C5=1, $B5, NA()) -> 36.48
A6: 58 | B6: 61.13 | C6: 1 | D6: =IF($C6=0, $A6, NA()) -> #N/A | E6: =IF($C6=0, B6, NA()) -> #N/A | F6: =IF($C6=1, A6, NA()) -> 58 | G6: =IF($C6=1, $B6, NA()) -> 61.13
A7: 58 | B7: 97.76 | C7: 1 | D7: =IF($C7=0, $A7, NA()) -> #N/A | E7: =IF($C7=0, B7, NA()) -> #N/A | F7: =IF($C7=1, A7, NA()) -> 58 | G7: =IF($C7=1, $B7, NA()) -> 97.76
A8: 49 | B8: 68.04 | C8: 1 | D8: =IF($C8=0, $A8, NA()) -> #N/A | E8: =IF($C8=0, B8, NA()) -> #N/A | F8: =IF($C8=1, A8, NA()) -> 49 | G8: =IF($C8=1, $B8, NA()) -> 68.04
A9: 52 | B9: 118.53 | C9: 0 | D9: =IF($C9=0, $A9, NA()) -> 52 | E9: =IF($C9=0, B9, NA()) -> 118.53 | F9: =IF($C9=1, A9, NA()) -> #N/A | G9: =IF($C9=1, $B9, NA()) -> #N/A
A10: 42 | B10: 57.67 | C10: 1 | D10: =IF($C10=0, $A10, NA()) -> #N/A | E10: =IF($C10=0, B10, NA()) -> #N/A | F10: =IF($C10=1, A10, NA()) -> 42 | G10: =IF($C10=1, $B10, NA()) -> 57.67
A11: 70 | B11: 94.96 | C11: 0 | D11: =IF($C11=0, $A11, NA()) -> 70 | E11: =IF($C11=0, B11, NA()) -> 94.96 | F11: =IF($C11=1, A11, NA()) -> #N/A | G11: =IF($C11=1, $B11, NA()) -> #N/A
A12: 15 | B12: 59.3 | C12: 0 | D12: =IF($C12=0, $A12, NA()) -> 15 | E12: =IF($C12=0, B12, NA()) -> 59.3 | F12: =IF($C12=1, A12, NA()) -> #N/A | G12: =IF($C12=1, $B12, NA()) -> #N/A
A13: 54 | B13: 102.92 | C13: 0 | D13: =IF($C13=0, $A13, NA()) -> 54 | E13: =IF($C13=0, B13, NA()) -> 102.92 | F13: =IF($C13=1, A13, NA()) -> #N/A | G13: =IF($C13=1, $B13, NA()) -> #N/A
... A251: 66 | B251: 95.24 | C251: 0 | D251: =IF($C251=0, $A251, NA()) -> 66 | E251: =IF($C251=0, B251, NA()) -> 95.24 | F251: =IF($C251=1, A251, NA()) -> #N/A | G251: =IF($C251=1, $B251, NA()) -> #N/A

Sheet 2.14 Age <> SatisfactionScore
A1: Age | B1: SatisfactionScore | C1: Churn | D1: X_no | E1: No churn | F1: X_yes | G1: Churn
A2: 56 | B2: 6 | C2: 1 | D2: =IF($C2=0, $A2, NA()) -> #N/A | E2: =IF($C2=0, B2, NA()) -> #N/A | F2: =IF($C2=1, A2, NA()) -> 56 | G2: =IF($C2=1, $B2, NA()) -> 6
A3: 69 | B3: 1 | C3: 1 | D3: =IF($C3=0, $A3, NA()) -> #N/A | E3: =IF($C3=0, B3, NA()) -> #N/A | F3: =IF($C3=1, A3, NA()) -> 69 | G3: =IF($C3=1, $B3, NA()) -> 1
A4: 46 | B4: 5 | C4: 0 | D4: =IF($C4=0, $A4, NA()) -> 46 | E4: =IF($C4=0, B4, NA()) -> 5 | F4: =IF($C4=1, A4, NA()) -> #N/A | G4: =IF($C4=1, $B4, NA()) -> #N/A
A5: 32 | B5: 3 | C5: 1 | D5: =IF($C5=0, $A5, NA()) -> #N/A | E5: =IF($C5=0, B5, NA()) -> #N/A | F5: =IF($C5=1, A5, NA()) -> 32 | G5: =IF($C5=1, $B5, NA()) -> 3
A6: 60 | B6: 1 | C6: 1 | D6: =IF($C6=0, $A6, NA()) -> #N/A | E6: =IF($C6=0, B6, NA()) -> #N/A | F6: =IF($C6=1, A6, NA()) -> 60 | G6: =IF($C6=1, $B6, NA()) -> 1
A7: 25 | B7: 4 | C7: 1 | D7: =IF($C7=0, $A7, NA()) -> #N/A | E7: =IF($C7=0, B7, NA()) -> #N/A | F7: =IF($C7=1, A7, NA()) -> 25 | G7: =IF($C7=1, $B7, NA()) -> 4
A8: 38 | B8: 2 | C8: 1 | D8: =IF($C8=0, $A8, NA()) -> #N/A | E8: =IF($C8=0, B8, NA()) -> #N/A | F8: =IF($C8=1, A8, NA()) -> 38 | G8: =IF($C8=1, $B8, NA()) -> 2
A9: 56 | B9: 2 | C9: 0 | D9: =IF($C9=0, $A9, NA()) -> 56 | E9: =IF($C9=0, B9, NA()) -> 2 | F9: =IF($C9=1, A9, NA()) -> #N/A | G9: =IF($C9=1, $B9, NA()) -> #N/A
A10: 36 | B10: 3 | C10: 1 | D10: =IF($C10=0, $A10, NA()) -> #N/A | E10: =IF($C10=0, B10, NA()) -> #N/A | F10: =IF($C10=1, A10, NA()) -> 36 | G10: =IF($C10=1, $B10, NA()) -> 3
A11: 40 | B11: 8 | C11: 0 | D11: =IF($C11=0, $A11, NA()) -> 40 | E11: =IF($C11=0, B11, NA()) -> 8 | F11: =IF($C11=1, A11, NA()) -> #N/A | G11: =IF($C11=1, $B11, NA()) -> #N/A
A12: 28 | B12: 8 | C12: 0 | D12: =IF($C12=0, $A12, NA()) -> 28 | E12: =IF($C12=0, B12, NA()) -> 8 | F12: =IF($C12=1, A12, NA()) -> #N/A | G12: =IF($C12=1, $B12, NA()) -> #N/A
A13: 28 | B13: 7 | C13: 0 | D13: =IF($C13=0, $A13, NA()) -> 28 | E13: =IF($C13=0, B13, NA()) -> 7 | F13: =IF($C13=1, A13, NA()) -> #N/A | G13: =IF($C13=1, $B13, NA()) -> #N/A
... A251: 69 | B251: 9 | C251: 0 | D251: =IF($C251=0, $A251, NA()) -> 69 | E251: =IF($C251=0, B251, NA()) -> 9 | F251: =IF($C251=1, A251, NA()) -> #N/A | G251: =IF($C251=1, $B251, NA()) -> #N/A

Sheet 2. 15 Tickets MonthlyCharges
A1: SupportTickets | B1: MonthlyCharges | C1: Churn | D1: X_no | E1: No churn | F1: X_yes | G1: Churn
A2: 2 | B2: 28.27 | C2: 1 | D2: =IF($C2=0, $A2, NA()) -> #N/A | E2: =IF($C2=0, B2, NA()) -> #N/A | F2: =IF($C2=1, A2, NA()) -> 2 | G2: =IF($C2=1, $B2, NA()) -> 28.27
A3: 1 | B3: 107.67 | C3: 1 | D3: =IF($C3=0, $A3, NA()) -> #N/A | E3: =IF($C3=0, B3, NA()) -> #N/A | F3: =IF($C3=1, A3, NA()) -> 1 | G3: =IF($C3=1, $B3, NA()) -> 107.67
A4: 1 | B4: 75.16 | C4: 0 | D4: =IF($C4=0, $A4, NA()) -> 1 | E4: =IF($C4=0, B4, NA()) -> 75.16 | F4: =IF($C4=1, A4, NA()) -> #N/A | G4: =IF($C4=1, $B4, NA()) -> #N/A
A5: 1 | B5: 36.48 | C5: 1 | D5: =IF($C5=0, $A5, NA()) -> #N/A | E5: =IF($C5=0, B5, NA()) -> #N/A | F5: =IF($C5=1, A5, NA()) -> 1 | G5: =IF($C5=1, $B5, NA()) -> 36.48
A6: 3 | B6: 61.13 | C6: 1 | D6: =IF($C6=0, $A6, NA()) -> #N/A | E6: =IF($C6=0, B6, NA()) -> #N/A | F6: =IF($C6=1, A6, NA()) -> 3 | G6: =IF($C6=1, $B6, NA()) -> 61.13
A7: 2 | B7: 97.76 | C7: 1 | D7: =IF($C7=0, $A7, NA()) -> #N/A | E7: =IF($C7=0, B7, NA()) -> #N/A | F7: =IF($C7=1, A7, NA()) -> 2 | G7: =IF($C7=1, $B7, NA()) -> 97.76
A8: 2 | B8: 68.04 | C8: 1 | D8: =IF($C8=0, $A8, NA()) -> #N/A | E8: =IF($C8=0, B8, NA()) -> #N/A | F8: =IF($C8=1, A8, NA()) -> 2 | G8: =IF($C8=1, $B8, NA()) -> 68.04
A9: 3 | B9: 118.53 | C9: 0 | D9: =IF($C9=0, $A9, NA()) -> 3 | E9: =IF($C9=0, B9, NA()) -> 118.53 | F9: =IF($C9=1, A9, NA()) -> #N/A | G9: =IF($C9=1, $B9, NA()) -> #N/A
A10: 0 | B10: 57.67 | C10: 1 | D10: =IF($C10=0, $A10, NA()) -> #N/A | E10: =IF($C10=0, B10, NA()) -> #N/A | F10: =IF($C10=1, A10, NA()) -> 0 | G10: =IF($C10=1, $B10, NA()) -> 57.67
A11: 5 | B11: 94.96 | C11: 0 | D11: =IF($C11=0, $A11, NA()) -> 5 | E11: =IF($C11=0, B11, NA()) -> 94.96 | F11: =IF($C11=1, A11, NA()) -> #N/A | G11: =IF($C11=1, $B11, NA()) -> #N/A
A12: 1 | B12: 59.3 | C12: 0 | D12: =IF($C12=0, $A12, NA()) -> 1 | E12: =IF($C12=0, B12, NA()) -> 59.3 | F12: =IF($C12=1, A12, NA()) -> #N/A | G12: =IF($C12=1, $B12, NA()) -> #N/A
A13: 3 | B13: 102.92 | C13: 0 | D13: =IF($C13=0, $A13, NA()) -> 3 | E13: =IF($C13=0, B13, NA()) -> 102.92 | F13: =IF($C13=1, A13, NA()) -> #N/A | G13: =IF($C13=1, $B13, NA()) -> #N/A
... A251: 5 | B251: 95.24 | C251: 0 | D251: =IF($C251=0, $A251, NA()) -> 5 | E251: =IF($C251=0, B251, NA()) -> 95.24 | F251: =IF($C251=1, A251, NA()) -> #N/A | G251: =IF($C251=1, $B251, NA()) -> #N/A

Sheet 2.16AgeChurn
A1: NoChurn | B1: Churn
A2: 46 | B2: 56
A3: 56 | B3: 69
A4: 40 | B4: 32
A5: 28 | B5: 60
A6: 28 | B6: 25
A7: 41 | B7: 38
A8: 57 | B8: 36
A9: 20 | B9: 53
A10: 39 | B10: 41
A11: 61 | B11: 19
A12: 19 | B12: 41
A13: 38 | B13: 47
... A119: 29 | B119: 22
A120: 56
A121: 54
A122: 66
A123: 66
A124: 45
A125: 40
A126: 54
A127: 18
A128: 36
A129: 19
A130: 43
A131: 49
... A133: 69

Sheet 2.17 TenureChurn
A1: NoChurn | B1: Churn
A2: 62 | B2: 58
A3: 52 | B3: 63
A4: 70 | B4: 22
A5: 15 | B5: 58
A6: 54 | B6: 58
A7: 60 | B7: 49
A8: 53 | B8: 42
A9: 5 | B9: 8
A10: 68 | B10: 60
A11: 55 | B11: 6
A12: 16 | B12: 47
A13: 13 | B13: 40
... A119: 1 | B119: 25
A120: 54
A121: 12
A122: 16
A123: 28
A124: 8
A125: 58
A126: 60
A127: 41
A128: 64
A129: 27
A130: 17
A131: 13
... A133: 66

Sheet 2.18 Tenure <> Churn
B1: Tenure | C1: Churn | D1: No Churn | E1: Churn
B2: 58 | C2: 1 | D2: =IF(C2=0,0,NA()) -> #N/A | E2: =IF(C2=1, 1, NA()) -> 1
B3: 63 | C3: 1 | D3: =IF(C3=0,0,NA()) -> #N/A | E3: =IF(C3=1, 1, NA()) -> 1
B4: 62 | C4: 0 | D4: =IF(C4=0,0,NA()) -> 0 | E4: =IF(C4=1, 1, NA()) -> #N/A
B5: 22 | C5: 1 | D5: =IF(C5=0,0,NA()) -> #N/A | E5: =IF(C5=1, 1, NA()) -> 1
B6: 58 | C6: 1 | D6: =IF(C6=0,0,NA()) -> #N/A | E6: =IF(C6=1, 1, NA()) -> 1
B7: 58 | C7: 1 | D7: =IF(C7=0,0,NA()) -> #N/A | E7: =IF(C7=1, 1, NA()) -> 1
B8: 49 | C8: 1 | D8: =IF(C8=0,0,NA()) -> #N/A | E8: =IF(C8=1, 1, NA()) -> 1
B9: 52 | C9: 0 | D9: =IF(C9=0,0,NA()) -> 0 | E9: =IF(C9=1, 1, NA()) -> #N/A
B10: 42 | C10: 1 | D10: =IF(C10=0,0,NA()) -> #N/A | E10: =IF(C10=1, 1, NA()) -> 1
B11: 70 | C11: 0 | D11: =IF(C11=0,0,NA()) -> 0 | E11: =IF(C11=1, 1, NA()) -> #N/A
B12: 15 | C12: 0 | D12: =IF(C12=0,0,NA()) -> 0 | E12: =IF(C12=1, 1, NA()) -> #N/A
B13: 54 | C13: 0 | D13: =IF(C13=0,0,NA()) -> 0 | E13: =IF(C13=1, 1, NA()) -> #N/A
... B251: 66 | C251: 0 | D251: =IF(C251=0,0,NA()) -> 0 | E251: =IF(C251=1, 1, NA()) -> #N/A

Sheet 2.19 MonthlyChurnST
A1: MonthlyChargeNoChurn | B1: Churn | C1: MonthlyChargeChurn | D1: Churn
A2: 75.16 | B2: 0 | C2: 28.27 | D2: 1
A3: 118.53 | B3: 0 | C3: 107.67 | D3: 1
A4: 94.96 | B4: 0 | C4: 36.48 | D4: 1
A5: 59.3 | B5: 0 | C5: 61.13 | D5: 1
A6: 102.92 | B6: 0 | C6: 97.76 | D6: 1
A7: 76.91 | B7: 0 | C7: 68.04 | D7: 1
A8: 23.68 | B8: 0 | C8: 57.67 | D8: 1
A9: 21.37 | B9: 0 | C9: 26.35 | D9: 1
A10: 27.54 | B10: 0 | C10: 33.39 | D10: 1
A11: 94.99 | B11: 0 | C11: 89.17 | D11: 1
A12: 92.61 | B12: 0 | C12: 73.43 | D12: 1
A13: 95.71 | B13: 0 | C13: 111.32 | D13: 1
... A119: 38.64 | B119: 0 | C119: 119.77 | D119: 1
A120: 43.57 | B120: 0
A121: 78.83 | B121: 0
A122: 88.3 | B122: 0
A123: 91.38 | B123: 0
A124: 73.98 | B124: 0
A125: 63.87 | B125: 0
A126: 77.75 | B126: 0
A127: 73.19 | B127: 0
A128: 26.66 | B128: 0
A129: 42.9 | B129: 0
A130: 63.15 | B130: 0
A131: 89.37 | B131: 0
... A133: 95.24 | B133: 0

Sheet 2.20 UsageChurnST
A1: UsageNoChurn | B1: Churn | C1: UsageChurn | D1: Churn
A2: 41.6 | B2: 0 | C2: 52.7 | D2: 1
A3: 68 | B3: 0 | C3: 16.8 | D3: 1
A4: 21.9 | B4: 0 | C4: 66.1 | D4: 1
A5: 7.8 | B5: 0 | C5: 79.1 | D5: 1
A6: 20.9 | B6: 0 | C6: 25.6 | D6: 1
A7: 22.2 | B7: 0 | C7: 18.1 | D7: 1
A8: 43.2 | B8: 0 | C8: 5.2 | D8: 1
A9: 53.5 | B9: 0 | C9: 41.8 | D9: 1
A10: 73.7 | B10: 0 | C10: 88.1 | D10: 1
A11: 71.8 | B11: 0 | C11: 14.9 | D11: 1
A12: 61.9 | B12: 0 | C12: 26.4 | D12: 1
A13: 62.2 | B13: 0 | C13: 10 | D13: 1
... A119: 17.3 | B119: 0 | C119: 63.3 | D119: 1
A120: 70.3 | B120: 0
A121: 24.9 | B121: 0
A122: 41 | B122: 0
A123: 37 | B123: 0
A124: 15.5 | B124: 0
A125: 77.2 | B125: 0
A126: 98.9 | B126: 0
A127: 34.8 | B127: 0
A128: 29.2 | B128: 0
A129: 82.8 | B129: 0
A130: 54.9 | B130: 0
A131: 13.3 | B131: 0
... A133: 46.4 | B133: 0

Sheet 2.21 MonthlychargeChurn
A1: NoChurn | B1: Churn
A2: 75.16 | B2: 28.27
A3: 118.53 | B3: 107.67
A4: 94.96 | B4: 36.48
A5: 59.3 | B5: 61.13
A6: 102.92 | B6: 97.76
A7: 76.91 | B7: 68.04
A8: 23.68 | B8: 57.67
A9: 21.37 | B9: 26.35
A10: 27.54 | B10: 33.39
A11: 94.99 | B11: 89.17
A12: 92.61 | B12: 73.43
A13: 95.71 | B13: 111.32
... A119: 38.64 | B119: 119.77
A120: 43.57
A121: 78.83
A122: 88.3
A123: 91.38
A124: 73.98
A125: 63.87
A126: 77.75
A127: 73.19
A128: 26.66
A129: 42.9
A130: 63.15
A131: 89.37
... A133: 95.24

Sheet 2.22 SupportticketChurn
A1: NoChurn | B1: Churn
A2: 1 | B2: 2
A3: 3 | B3: 1
A4: 5 | B4: 1
A5: 1 | B5: 3
A6: 3 | B6: 2
A7: 0 | B7: 2
A8: 1 | B8: 0
A9: 3 | B9: 1
A10: 2 | B10: 3
A11: 4 | B11: 6
A12: 1 | B12: 3
A13: 1 | B13: 1
... A119: 2 | B119: 3
A120: 1
A121: 1
A122: 4
A123: 0
A124: 1
A125: 3
A126: 4
A127: 0
A128: 2
A129: 2
A130: 2
A131: 1
... A133: 5

Sheet 2.23 UsageChurn
A1: NoChurn | B1: Churn
A2: 41.6 | B2: 52.7
A3: 68 | B3: 16.8
A4: 21.9 | B4: 66.1
A5: 7.8 | B5: 79.1
A6: 20.9 | B6: 25.6
A7: 22.2 | B7: 18.1
A8: 43.2 | B8: 5.2
A9: 53.5 | B9: 41.8
A10: 73.7 | B10: 88.1
A11: 71.8 | B11: 14.9
A12: 61.9 | B12: 26.4
A13: 62.2 | B13: 10
... A119: 17.3 | B119: 63.3
A120: 70.3
A121: 24.9
A122: 41
A123: 37
A124: 15.5
A125: 77.2
A126: 98.9
A127: 34.8
A128: 29.2
A129: 82.8
A130: 54.9
A131: 13.3
... A133: 46.4

Sheet 2.24 SasScoreChurn
A1: Nochurn | B1: Churn
A2: 5 | B2: 6
A3: 2 | B3: 1
A4: 8 | B4: 3
A5: 8 | B5: 1
A6: 7 | B6: 4
A7: 6 | B7: 2
A8: 4 | B8: 3
A9: 8 | B9: 9
A10: 7 | B10: 1
A11: 4 | B11: 7
A12: 6 | B12: 3
A13: 5 | B13: 10
... A119: 8 | B119: 1
A120: 4
A121: 3
A122: 9
A123: 2
A124: 2
A125: 3
A126: 10
A127: 6
A128: 9
A129: 9
A130: 3
A131: 5
... A133: 9

Sheet 2.25 Churn0 
A1: CustomerID | B1: Age | C1: Gender | D1: Tenure | E1: MonthlyCharges | F1: ContractType | G1: PaymentMethod | H1: SupportTickets | I1: ServiceUsage | J1: SatisfactionScore | K1: TotalSpend | L1: Churn
A2: 3 | B2: 46 | C2: Female | D2: 62 | E2: 75.16 | F2: Month-to-Month | G2: Bank Transfer | H2: 1 | I2: 41.6 | J2: 5 | K2: 4646.87 | L2: 0
A3: 8 | B3: 56 | C3: Male | D3: 52 | E3: 118.53 | F3: Month-to-Month | G3: PayPal | H3: 3 | I3: 68 | J3: 2 | K3: 5970.23 | L3: 0
A4: 10 | B4: 40 | C4: Female | D4: 70 | E4: 94.96 | F4: Month-to-Month | G4: Credit Card | H4: 5 | I4: 21.9 | J4: 8 | K4: 6849.66 | L4: 0
A5: 11 | B5: 28 | C5: Male | D5: 15 | E5: 59.3 | F5: Month-to-Month | G5: Bank Transfer | H5: 1 | I5: 7.8 | J5: 8 | K5: 950.98 | L5: 0
A6: 12 | B6: 28 | C6: Female | D6: 54 | E6: 102.92 | F6: 1-Year | G6: Bank Transfer | H6: 3 | I6: 20.9 | J6: 7 | K6: 5771.64 | L6: 0
A7: 13 | B7: 41 | C7: Female | D7: 60 | E7: 76.91 | F7: Month-to-Month | G7: PayPal | H7: 0 | I7: 22.2 | J7: 6 | K7: 4549.93 | L7: 0
A8: 15 | B8: 57 | C8: Male | D8: 53 | E8: 23.68 | F8: Month-to-Month | G8: PayPal | H8: 1 | I8: 43.2 | J8: 4 | K8: 1198.66 | L8: 0
A9: 17 | B9: 20 | C9: Female | D9: 5 | E9: 21.37 | F9: 1-Year | G9: PayPal | H9: 3 | I9: 53.5 | J9: 8 | K9: 113.03 | L9: 0
A10: 18 | B10: 39 | C10: Male | D10: 68 | E10: 27.54 | F10: Month-to-Month | G10: Credit Card | H10: 2 | I10: 73.7 | J10: 7 | K10: 1852.65 | L10: 0
A11: 21 | B11: 61 | C11: Female | D11: 55 | E11: 94.99 | F11: 1-Year | G11: PayPal | H11: 4 | I11: 71.8 | J11: 4 | K11: 5598.06 | L11: 0
A12: 24 | B12: 19 | C12: Male | D12: 16 | E12: 92.61 | F12: 2-Year | G12: Bank Transfer | H12: 1 | I12: 61.9 | J12: 6 | K12: 1428.08 | L12: 0
A13: 25 | B13: 38 | C13: Female | D13: 13 | E13: 95.71 | F13: Month-to-Month | G13: PayPal | H13: 1 | I13: 62.2 | J13: 5 | K13: 1264.68 | L13: 0
... A133: 250 | B133: 69 | C133: Male | D133: 66 | E133: 95.24 | F133: 1-Year | G133: Bank Transfer | H133: 5 | I133: 46.4 | J133: 9 | K133: 6712.45 | L133: 0

Sheet 2.26 Churn1
A1: CustomerID | B1: Age | C1: Gender | D1: Tenure | E1: MonthlyCharges | F1: ContractType | G1: PaymentMethod | H1: SupportTickets | I1: ServiceUsage | J1: SatisfactionScore | K1: TotalSpend | L1: Churn
A2: 1 | B2: 56 | C2: Female | D2: 58 | E2: 28.27 | F2: 1-Year | G2: Credit Card | H2: 2 | I2: 52.7 | J2: 6 | K2: 1614.09 | L2: 1
A3: 2 | B3: 69 | C3: Female | D3: 63 | E3: 107.67 | F3: 1-Year | G3: Credit Card | H3: 1 | I3: 16.8 | J3: 1 | K3: 6505.15 | L3: 1
A4: 4 | B4: 32 | C4: Male | D4: 22 | E4: 36.48 | F4: Month-to-Month | G4: PayPal | H4: 1 | I4: 66.1 | J4: 3 | K4: 814.95 | L4: 1
A5: 5 | B5: 60 | C5: Male | D5: 58 | E5: 61.13 | F5: 1-Year | G5: Bank Transfer | H5: 3 | I5: 79.1 | J5: 1 | K5: 3222 | L5: 1
A6: 6 | B6: 25 | C6: Female | D6: 58 | E6: 97.76 | F6: Month-to-Month | G6: PayPal | H6: 2 | I6: 25.6 | J6: 4 | K6: 5242.56 | L6: 1
A7: 7 | B7: 38 | C7: Female | D7: 49 | E7: 68.04 | F7: 1-Year | G7: Credit Card | H7: 2 | I7: 18.1 | J7: 2 | K7: 3373.06 | L7: 1
A8: 9 | B8: 36 | C8: Male | D8: 42 | E8: 57.67 | F8: Month-to-Month | G8: Bank Transfer | H8: 0 | I8: 5.2 | J8: 3 | K8: 2533.16 | L8: 1
A9: 14 | B9: 53 | C9: Male | D9: 8 | E9: 26.35 | F9: Month-to-Month | G9: Bank Transfer | H9: 1 | I9: 41.8 | J9: 9 | K9: 218.09 | L9: 1
A10: 16 | B10: 41 | C10: Female | D10: 60 | E10: 33.39 | F10: Month-to-Month | G10: Credit Card | H10: 3 | I10: 88.1 | J10: 1 | K10: 1925.79 | L10: 1
A11: 19 | B11: 19 | C11: Female | D11: 6 | E11: 89.17 | F11: Month-to-Month | G11: PayPal | H11: 6 | I11: 14.9 | J11: 7 | K11: 566.95 | L11: 1
A12: 20 | B12: 41 | C12: Male | D12: 47 | E12: 73.43 | F12: Month-to-Month | G12: Bank Transfer | H12: 3 | I12: 26.4 | J12: 3 | K12: 3673.76 | L12: 1
A13: 22 | B13: 47 | C13: Male | D13: 40 | E13: 111.32 | F13: Month-to-Month | G13: PayPal | H13: 1 | I13: 10 | J13: 10 | K13: 4823.84 | L13: 1
... A119: 249 | B119: 22 | C119: Male | D119: 25 | E119: 119.77 | F119: 1-Year | G119: Credit Card | H119: 3 | I119: 63.3 | J119: 1 | K119: 2732.37 | L119: 1

Sheet 2.27 SpendChurn
A1: NoChurn | B1: Churn
A2: 4646.87 | B2: 1614.09
A3: 5970.23 | B3: 6505.15
A4: 6849.66 | B4: 814.95
A5: 950.98 | B5: 3222
A6: 5771.64 | B6: 5242.56
A7: 4549.93 | B7: 3373.06
A8: 1198.66 | B8: 2533.16
A9: 113.03 | B9: 218.09
A10: 1852.65 | B10: 1925.79
A11: 5598.06 | B11: 566.95
A12: 1428.08 | B12: 3673.76
A13: 1264.68 | B13: 4823.84
... A119: 35.73 | B119: 2732.37
A120: 2535.67
A121: 969.57
A122: 1291.8
A123: 2426.58
A124: 627.82
A125: 3743.36
A126: 4683.82
A127: 2863.6
A128: 1705.11
A129: 1108.32
A130: 1101.37
A131: 1119.42
... A133: 6712.45

Sheet 2.28 FiveNumber_Churn0
B1: min | C1: Q1 (lower hinge) | D1: Median (mid-hinge) | E1: Q3 (upper hinge) | F1: max | G1: SIQR
A2: Age | B2: =MIN('1. Raw Data'!B4:B251) -> 18 | C2: =_xlfn.QUARTILE.INC('2.25 Churn0 '!B2:B133,1) -> 29.75 | D2: =MEDIAN('2.25 Churn0 '!B2:B133) -> 45 | E2: =_xlfn.QUARTILE.INC('2.25 Churn0 '!B2:B133, 3) -> 57 | F2: =MAX('2.25 Churn0 '!B2:B133) -> 69 | G2: =(E2-C2)/2 -> 13.625
A3: Tenure | B3: =MIN('1. Raw Data'!D4:D251) -> 1 | C3: =_xlfn.QUARTILE.INC('2.25 Churn0 '!D2:D133, 1) -> 17 | D3: =MEDIAN('2.25 Churn0 '!D2:D133) -> 39.5 | E3: =_xlfn.QUARTILE.INC('2.25 Churn0 '!D2:D133, 3) -> 57.25 | F3: =MAX('2.25 Churn0 '!D2:D133) -> 71 | G3: =(E3-C3)/2 -> 20.125
A4: MonthlyCharges | B4: =MIN('1. Raw Data'!E4:E251) -> 20.26 | C4: =_xlfn.QUARTILE.INC('2.25 Churn0 '!E2:E133, 1) -> 53 | D4: =MEDIAN('2.25 Churn0 '!E2:E133) -> 73.58 | E4: =_xlfn.QUARTILE.INC('2.25 Churn0 '!E2:E133, 3) -> 93.695 | F4: =MAX('2.25 Churn0 '!E2:E133) -> 118.63 | G4: =(E4-C4)/2 -> 20.3475
A5: SupportTickets | B5: =MIN('1. Raw Data'!H4:H251) -> 0 | C5: =_xlfn.QUARTILE.INC('2.25 Churn0 '!H2:H133, 1) -> 1 | D5: =MEDIAN('2.25 Churn0 '!H2:H133) -> 2 | E5: =_xlfn.QUARTILE.INC('2.25 Churn0 '!H2:H133, 3) -> 3 | F5: =MAX('2.25 Churn0 '!H2:H133) -> 5 | G5: =(E5-C5)/2 -> 1
A6: ServiceUsage | B6: =MIN('1. Raw Data'!I4:I251) -> 5.2 | C6: =_xlfn.QUARTILE.INC('2.25 Churn0 '!I2:I133, 1) -> 23.5 | D6: =MEDIAN('2.25 Churn0 '!I2:I133) -> 44.8 | E6: =_xlfn.QUARTILE.INC('2.25 Churn0 '!I2:I133, 3) -> 73.475 | F6: =MAX('2.25 Churn0 '!I2:I133) -> 99.2 | G6: =(E6-C6)/2 -> 24.9875
A7: SatisfactionScore | B7: =MIN('1. Raw Data'!J4:J251) -> 1 | C7: =_xlfn.QUARTILE.INC('2.25 Churn0 '!J2:J133, 1) -> 4 | D7: =MEDIAN('2.25 Churn0 '!J2:J133) -> 6 | E7: =_xlfn.QUARTILE.INC('2.25 Churn0 '!J2:J133, 3) -> 8 | F7: =MAX('2.25 Churn0 '!J2:J133) -> 10 | G7: =(E7-C7)/2 -> 2
A8: TotalSpend | B8: =MIN('1. Raw Data'!K4:K251) -> 35.73 | C8: =_xlfn.QUARTILE.INC('2.25 Churn0 '!K2:K133, 1) -> 1121.1375 | D8: =MEDIAN('2.25 Churn0 '!K2:K133) -> 2197.935 | E8: =_xlfn.QUARTILE.INC('2.25 Churn0 '!K2:K133, 3) -> 4159.16 | F8: =MAX('2.25 Churn0 '!K2:K133) -> 7782.69 | G8: =(E8-C8)/2 -> 1519.0113

Sheet 2.29 FiveNumber_Churn1
B1: min | C1: Q1 (lower hinge) | D1: Median (mid-hinge) | E1: Q3 (upper hinge) | F1: max | G1: SIQR
A2: Age | B2: =MIN('2.26 Churn1'!B2:B119) -> 18 | C2: =_xlfn.QUARTILE.INC('2.26 Churn1'!B2:B119, 1) -> 32 | D2: =MEDIAN('2.26 Churn1'!B2:B119) -> 43 | E2: =_xlfn.QUARTILE.INC('2.26 Churn1'!B2:B119, 3) -> 55.75 | F2: =MAX('2.26 Churn1'!B2:B119) -> 69 | G2: =(E2-C2)/2 -> 11.875
A3: Tenure | B3: =MIN('2.26 Churn1'!D2:D119) -> 1 | C3: =_xlfn.QUARTILE.INC('2.26 Churn1'!D2:D119, 1) -> 17.25 | D3: =MEDIAN('2.26 Churn1'!D2:D119) -> 33.5 | E3: =_xlfn.QUARTILE.INC('2.26 Churn1'!D2:D119, 3) -> 49 | F3: =MAX('2.26 Churn1'!D2:D119) -> 71 | G3: =(E3-C3)/2 -> 15.875
A4: MonthlyCharges | B4: =MIN('2.26 Churn1'!E2:E119) -> 20.53 | C4: =_xlfn.QUARTILE.INC('2.26 Churn1'!E2:E119, 1) -> 48.5075 | D4: =MEDIAN('2.26 Churn1'!E2:E119) -> 73.63 | E4: =_xlfn.QUARTILE.INC('2.26 Churn1'!E2:E119, 3) -> 95.7625 | F4: =MAX('2.26 Churn1'!E2:E119) -> 119.77 | G4: =(E4-C4)/2 -> 23.6275
A5: SupportTickets | B5: =MIN('2.26 Churn1'!H2:H119) -> 0 | C5: =_xlfn.QUARTILE.INC('2.26 Churn1'!H2:H119, 1) -> 1 | D5: =MEDIAN('2.26 Churn1'!H2:H119) -> 2 | E5: =_xlfn.QUARTILE.INC('2.26 Churn1'!H2:H119, 3) -> 3 | F5: =MAX('2.26 Churn1'!H2:H119) -> 6 | G5: =(E5-C5)/2 -> 1
A6: ServiceUsage | B6: =MIN('2.26 Churn1'!I2:I119) -> 5.2 | C6: =_xlfn.QUARTILE.INC('2.26 Churn1'!I2:I119, 1) -> 27.6 | D6: =MEDIAN('2.26 Churn1'!I2:I119) -> 57.75 | E6: =_xlfn.QUARTILE.INC('2.26 Churn1'!I2:I119, 3) -> 79.8 | F6: =MAX('2.26 Churn1'!I2:I119) -> 99.7 | G6: =(E6-C6)/2 -> 26.1
A7: SatisfactionScore | B7: =MIN('2.26 Churn1'!J2:J119) -> 1 | C7: =_xlfn.QUARTILE.INC('2.26 Churn1'!J2:J119, 1) -> 2 | D7: =MEDIAN('2.26 Churn1'!J2:J119) -> 4 | E7: =_xlfn.QUARTILE.INC('2.26 Churn1'!J2:J119, 3) -> 7 | F7: =MAX('2.26 Churn1'!J2:J119) -> 10 | G7: =(E7-C7)/2 -> 2.5
A8: TotalSpend | B8: =MIN('2.26 Churn1'!K2:K119) -> 105.78 | C8: =_xlfn.QUARTILE.INC('2.26 Churn1'!K2:K119, 1) -> 921.27 | D8: =MEDIAN('2.26 Churn1'!K2:K119) -> 1943.275 | E8: =_xlfn.QUARTILE.INC('2.26 Churn1'!K2:K119, 3) -> 3214.915 | F8: =MAX('2.26 Churn1'!K2:K119) -> 7426.03 | G8: =(E8-C8)/2 -> 1146.8225

Sheet 3.4 Predict - ContractType
A3: Row Labels | B3: Average of Churn
A4: Test | B4: 0.41772152
A5: Train | B5: 0.49707602
A6: 1-Year | B6: 0.44
A7: 2-Year | B7: 0.54166667
A8: Month-to-Month | B8: 0.51546392
A9: Grand Total | B9: 0.472

Sheet 3.5 Predict - Tenure
A3: Row Labels | B3: Average of Churn
A4: Test | B4: 0.41772152
A5: Train | B5: 0.49707602
A6: <6 | B6: 0.375
A7: >=24 | B7: 0.48717949
A8: 12-24 | B8: 0.54285714
A9: 6-12 | B9: 0.54545455
A10: Grand Total | B10: 0.472

Sheet 3.6 Predict - monthly
A3: Row Labels | B3: Average of Churn
A4: Test | B4: 0.41772152
A5: Train | B5: 0.49707602
A6: <30 | B6: 0.55
A7: >=90 | B7: 0.50980392
A8: 30-60 | B8: 0.48780488
A9: 60-90 | B9: 0.47457627
A10: Grand Total | B10: 0.472

Sheet 3.7 Predict - Usage
A3: Row Labels | B3: Average of Churn
A4: Test | B4: 0.41772152
A5: Train | B5: 0.49707602
A6: <20 | B6: 0.5
A7: >=80 | B7: 0.58333333
A8: 20-40 | B8: 0.42857143
A9: 40-80 | B9: 0.48648649
A10: Grand Total | B10: 0.472

Sheet 3.8 Predict - Sat
A3: Row Labels | B3: Average of Churn
A4: Test | B4: 0.41772152
A5: Train | B5: 0.49707602
A6: 1-3 | B6: 0.625
A7: 4-6 | B7: 0.45833333
A8: 7-10 | B8: 0.41791045
A9: Grand Total | B9: 0.472

Sheet 3.9 Train Churn rate
A3: Row Labels | B3: Average of Churn
A4: Test | B4: 0.41772152
A5: Train | B5: 0.49707602
A6: Grand Total | B6: 0.472
